Model,day_urban_T2,day_urban_TC_URB,day_urban_SNET_URB,day_urban_LNET_URB,day_urban_LNET_plus_SNET_URB,day_urban_GRDFLX,day_urban_HFX,day_urban_LH_URB,day_urban_LH,day_urban_LWDNB,day_urban_LWUPB,day_urban_QC_URB,day_urban_SH_URB,day_urban_SWDNB,day_urban_SWUPB,day_urban_TB_URB,day_urban_TG_URB,day_urban_TR_URB,day_urban_TS_URB,day_urban_RH,day_urban_WS,day_nonurban_T2,day_nonurban_TC_URB,day_nonurban_SNET_URB,day_nonurban_LNET_URB,day_nonurban_LNET_plus_SNET_URB,day_nonurban_GRDFLX,day_nonurban_HFX,day_nonurban_LH_URB,day_nonurban_LH,day_nonurban_LWDNB,day_nonurban_LWUPB,day_nonurban_QC_URB,day_nonurban_SH_URB,day_nonurban_SWDNB,day_nonurban_SWUPB,day_nonurban_TB_URB,day_nonurban_TG_URB,day_nonurban_TR_URB,day_nonurban_TS_URB,day_nonurban_RH,day_nonurban_WS,night_urban_T2,night_urban_TC_URB,night_urban_SNET_URB,night_urban_LNET_URB,night_urban_LNET_plus_SNET_URB,night_urban_GRDFLX,night_urban_HFX,night_urban_LH_URB,night_urban_LH,night_urban_LWDNB,night_urban_LWUPB,night_urban_QC_URB,night_urban_SH_URB,night_urban_SWDNB,night_urban_SWUPB,night_urban_TB_URB,night_urban_TG_URB,night_urban_TR_URB,night_urban_TS_URB,night_urban_RH,night_urban_WS,night_nonurban_T2,night_nonurban_TC_URB,night_nonurban_SNET_URB,night_nonurban_LNET_URB,night_nonurban_LNET_plus_SNET_URB,night_nonurban_GRDFLX,night_nonurban_HFX,night_nonurban_LH_URB,night_nonurban_LH,night_nonurban_LWDNB,night_nonurban_LWUPB,night_nonurban_QC_URB,night_nonurban_SH_URB,night_nonurban_SWDNB,night_nonurban_SWUPB,night_nonurban_TB_URB,night_nonurban_TG_URB,night_nonurban_TR_URB,night_nonurban_TS_URB,night_nonurban_RH,night_nonurban_WS
WRF_PCE_07_LA_1,299.80545,310.5029,526.96265,-262.14517,264.81747,-63.79636,129.78984,0.0,117.85916,14492827.0,19465870.0,0.010187184,174.86029,25092932.0,3176402.2,316.01196,325.07892,302.56897,303.6106,50.600464,2.6624408,297.26065,303.03995,0.003449523,-0.15747501,-0.1540255,-25.823223,177.34946,0.0,28.8583,14026406.0,19883504.0,0.009864864,-0.0038078509,25023316.0,5766819.0,307.17288,306.50183,298.85385,307.16696,36.479565,4.301157,293.29184,296.2449,0.0,-98.54574,-98.54574,76.56211,-4.106099,0.0,-0.9936207,14153247.0,17474464.0,0.01015436,8.029624,0.0,0.0,302.2209,296.50555,294.2809,295.87222,68.71701,1.2994438,288.9835,300.2096,0.0,-0.2707905,-0.2707905,31.648693,-29.818148,0.0,5.250555,13861315.0,17241160.0,0.009772726,0.016167141,0.0,0.0,307.1716,306.03824,307.1462,307.153,43.649124,3.2530227
WRF_PCE_07_LA_2,299.61136,310.16412,520.78296,-256.53995,264.24298,-60.198574,123.99139,0.0,113.145935,14048629.0,18817024.0,0.01011989,162.71698,24156470.0,3023099.5,315.4951,323.88947,306.1091,303.36804,50.869484,2.4451978,296.96393,302.9831,0.0035173297,-0.15953061,-0.15601328,-24.393473,167.84904,0.0,28.009176,13757325.0,19163786.0,0.0098630125,-0.0036417749,24159982.0,5665384.5,307.1724,306.4922,302.9478,307.1666,36.616264,4.1801434,293.2883,296.1674,0.0,-97.00854,-97.00854,74.28347,-4.302561,0.0,-0.99804324,14145649.0,17471154.0,0.010158196,7.5475783,0.0,0.0,302.1771,296.4281,287.42676,295.8502,68.74524,1.2569218,289.00638,300.2096,0.0,-0.2723521,-0.2723521,31.031603,-29.869555,0.0,5.257818,13767553.0,17247416.0,0.009772726,0.0073566814,0.0,0.0,307.1714,306.03592,300.1671,307.15274,43.63352,3.262066
WRF_PCE_07_LA_3,299.5054,310.19308,520.7686,-258.5858,262.18283,-62.195305,121.220566,0.0,111.72826,14075707.0,18878290.0,0.010161062,162.82193,24070770.0,3078580.5,315.44943,323.7987,306.45007,303.25186,51.270954,2.273128,289.14774,295.06522,3.6848836,-1.5758227,2.109061,-26.872766,171.7405,0.0,26.979881,13805016.0,19347600.0,0.0096052615,1.0786561,24763486.0,5822545.5,307.2442,305.36887,303.1788,307.17404,36.73071,4.146933,293.26672,296.34482,0.0,-99.3208,-99.3208,77.49665,-3.4943595,0.0,-1.0100522,14163190.0,17475972.0,0.010179688,8.524846,0.0,0.0,302.36816,296.59915,294.41702,295.9071,68.881004,1.1712044,289.1258,300.36475,0.0,-0.2785412,-0.2785412,31.700876,-29.627157,0.0,5.2461987,13860737.0,17236060.0,0.009777776,0.0117537575,0.0,0.0,307.1722,306.06393,307.1466,307.1545,43.804447,3.2320757
WRF_PCE_07_LA_4,299.5651,310.20966,511.39554,-257.11792,254.27759,-57.251907,125.32867,0.0,113.24739,14470371.0,19386742.0,0.010167417,170.035,24139924.0,3075844.5,315.4796,323.88757,306.13388,303.3605,51.206142,2.5069554,297.07434,303.0953,0.92506987,-0.3576245,0.5674454,-25.159567,171.04498,0.0,27.938643,14066028.0,19787114.0,0.009866665,0.15438227,24429030.0,5668803.5,307.18954,306.5504,303.08685,307.17657,36.73097,4.2788515,293.19675,296.10947,0.0,-94.16077,-94.16077,73.673615,-4.1984434,0.0,-1.056657,13506069.0,16644413.0,0.010208649,7.207312,0.0,0.0,302.06937,296.32983,287.41672,295.7438,69.4298,1.180239,288.98538,300.2096,0.0,-0.2751845,-0.2751845,30.705671,-29.696093,0.0,5.198605,13315475.0,16443748.0,0.009772726,-0.008147837,0.0,0.0,307.16418,306.03406,300.15527,307.15393,43.855602,3.1006925
WRF_PCE_07_LA_5,299.59958,310.3492,526.1587,-262.11087,264.0478,-64.70247,122.837906,0.0,113.47094,14673278.0,19676608.0,0.0101788975,168.80121,24487686.0,3232126.2,315.69006,324.23447,310.67773,303.34274,51.117336,2.34661,297.12155,303.0953,0.0010070973,-0.13823493,-0.13722782,-25.779749,169.6144,0.0,28.066267,14246181.0,20065036.0,0.009866665,-0.002714448,24506452.0,5782349.5,307.1723,306.50977,307.15707,307.16626,36.592632,4.294124,293.3737,296.65958,0.0,-99.95111,-99.95111,79.20678,-2.8492758,0.0,-0.9743444,13837538.0,17096592.0,0.010175417,9.830943,0.0,0.0,302.71143,296.95334,294.59637,296.10025,68.38754,1.170255,281.97736,292.90326,0.0,-0.559761,-0.559761,31.900345,-29.826015,0.0,5.109056,13627185.0,16849152.0,0.009534883,0.01940409,0.0,0.0,307.1502,304.82736,307.10107,307.11252,43.566708,3.1878715
WRF_PCE_07_LA_6,299.54385,310.56064,522.52655,-255.42686,267.0997,-64.94574,121.3808,0.0,112.72209,14113573.0,18903216.0,0.01019495,160.86804,24420122.0,3280529.5,315.7644,324.18283,310.82812,303.29977,51.354088,2.0712008,301.0822,307.1912,0.0,0.0,0.0,-25.927351,172.07845,0.0,28.271154,13854474.0,19281520.0,0.009999998,0.0,24766784.0,5844035.5,307.1912,307.1912,307.1912,307.1912,36.68563,4.2061453,293.2349,296.69122,0.0,-99.26714,-99.26714,79.18507,-2.319937,0.0,-1.0350214,13845105.0,17066786.0,0.0101968935,9.342415,0.0,0.0,302.66132,296.89255,294.39523,296.0214,68.93561,1.0263149,289.06268,300.36475,0.0,-0.35971373,-0.35971373,31.645416,-29.539408,0.0,5.2207513,13654103.0,16846012.0,0.009777776,0.09452765,0.0,0.0,307.19604,306.088,307.1765,307.16983,43.80875,3.1447082
WRF_PCE_07_LA_7,299.51617,310.1222,522.8745,-253.31956,269.55493,-66.37613,123.32668,0.0,113.42764,14278071.0,19128294.0,0.010177222,164.0756,24549218.0,3358772.5,315.47046,324.01898,306.5925,303.2499,51.368336,2.3020265,301.06226,307.1912,0.0,0.0,0.0,-26.75015,173.28494,0.0,28.34289,13919825.0,19541520.0,0.009999999,0.0,24895742.0,5873557.5,307.1912,307.1912,303.0953,307.1912,36.66461,4.1900578,293.33075,296.70856,0.0,-99.63025,-99.63025,79.194435,-2.6605136,0.0,-0.9757568,13842316.0,17095636.0,0.010161255,10.111009,0.0,0.0,302.6925,296.96744,294.45352,296.07666,68.47353,1.171288,295.68338,307.19122,0.0,0.0,0.0,31.585203,-29.920202,0.0,5.378583,13628742.0,16839718.0,0.009999999,0.0,0.0,0.0,307.19122,307.19122,307.19122,307.19122,43.657974,3.1810853
WRF_PCE_07_LA_8,299.48077,309.8562,502.48505,-244.35597,258.12906,-65.27354,118.330696,0.0,111.204025,14668010.0,19632148.0,0.010196328,161.35274,24086718.0,3571733.5,315.3755,323.48697,310.48468,303.15585,51.47678,2.2307346,296.9964,303.0953,1.2114265,-0.5758934,0.635533,-25.807642,169.78397,0.0,27.663528,14248046.0,20065880.0,0.009866665,0.50821835,24526720.0,5781955.5,307.22324,306.58932,307.21558,307.192,36.746906,4.288354,293.4928,297.66095,0.0,-105.137726,-105.137726,84.60897,0.023051305,0.0,-0.8938862,14189881.0,17578818.0,0.010192795,14.870166,0.0,0.0,303.49066,297.9348,294.57025,296.5267,67.95832,1.171751,295.69363,307.19122,0.0,0.0,0.0,31.58388,-29.669216,0.0,5.3658767,13861187.0,17236082.0,0.009999999,0.0,0.0,0.0,307.19122,307.19122,307.19122,307.19122,43.7783,3.2375376
WRF_PCE_07_LA_9,299.55505,310.47025,517.31244,-256.4133,260.8992,-66.36936,119.51809,0.0,112.46685,14668857.0,19661972.0,0.010197146,162.7952,24384138.0,3392454.2,315.86343,324.19446,310.96765,303.2655,51.327435,2.0448189,289.17828,295.06522,2.8183444,-1.3086544,1.5096899,-26.615736,171.72557,0.0,27.148785,14252376.0,20087162.0,0.0096052615,0.76364017,24765158.0,5830737.0,307.23386,305.34277,307.2141,307.17102,36.643322,4.262173,293.3765,297.2949,0.0,-104.405426,-104.405426,83.41981,-0.5816596,0.0,-0.9646427,14176304.0,17541910.0,0.010199308,13.197079,0.0,0.0,303.24283,297.54745,294.60242,296.352,68.340385,1.0498732,289.08438,300.36475,0.0,-0.30743754,-0.30743754,31.778069,-29.533653,0.0,5.222015,13861417.0,17236512.0,0.009777776,0.048100498,0.0,0.0,307.1876,306.07697,307.16486,307.1642,43.792404,3.219909
WRF_PCE_07_LA_10,299.5143,309.94583,529.37524,-261.7899,267.58542,-62.11489,126.72164,0.0,114.0576,14458095.0,19385334.0,0.010143108,172.89842,24489764.0,3101286.8,315.21545,323.80124,306.34686,303.2818,51.24546,2.677654,297.04242,303.0953,0.60706466,-0.42541444,0.18165027,-25.504389,172.4859,0.0,28.010263,14067908.0,19807272.0,0.009866665,0.31366903,24718766.0,5813753.0,307.21234,306.56506,303.10715,307.18796,36.74088,4.300399,293.2078,295.9561,0.0,-92.08269,-92.08269,71.56094,-4.7292585,0.0,-1.0247502,13506550.0,16630433.0,0.010173327,6.1287265,0.0,0.0,301.9014,296.2058,280.83694,295.69284,69.25904,1.2431571,289.1333,300.36475,0.0,-0.2892766,-0.2892766,30.19038,-29.714405,0.0,5.288287,13249614.0,16457644.0,0.009777776,-0.0017631041,0.0,0.0,307.17267,306.06412,293.49518,307.15756,43.877464,3.0953403
WRF_PCE_07_LA_11,299.65588,310.48926,516.07227,-248.79506,267.27725,-67.05503,121.27699,0.0,114.4861,14113196.0,18898216.0,0.01020132,159.92148,24685930.0,3518614.2,316.04477,324.51904,307.17026,303.39487,50.990578,2.0736213,297.0672,303.03995,0.9154204,-0.34039655,0.57502383,-26.251976,174.91502,0.0,28.18007,13807725.0,19311636.0,0.009864864,0.14419189,24992582.0,5856902.5,307.1903,306.54092,303.03165,307.17606,36.570908,4.179103,293.48755,297.66168,0.0,-102.90535,-102.90535,82.30186,0.32477796,0.0,-0.89983207,13877220.0,17201208.0,0.010200119,14.94593,0.0,0.0,303.55542,297.9349,281.66125,296.55582,67.95573,1.0821106,295.6934,307.19122,0.0,0.0,0.0,30.445288,-29.638107,0.0,5.3460965,13463061.0,16860566.0,0.009999999,0.0,0.0,0.0,307.19122,307.19122,293.53827,307.19122,43.77285,3.171836
WRF_PCE_07_LA_12,299.64624,311.07382,520.51904,-264.6552,255.86383,-66.94617,120.3155,0.0,113.74766,14675852.0,19700086.0,0.010206404,163.10728,24589714.0,3155357.8,316.26538,324.83148,307.241,303.40585,51.076668,1.8632936,301.1627,307.1912,0.0,0.0,0.0,-26.253704,174.59193,0.0,28.542627,14195015.0,20135240.0,0.009999999,0.0,24886166.0,5781931.5,307.1912,307.1912,303.0953,307.1912,36.555046,4.297517,293.34305,297.05728,0.0,-102.69715,-102.69715,80.70285,-1.0845141,0.0,-0.9772036,14169296.0,17526476.0,0.010201435,11.874482,0.0,0.0,303.14755,297.31897,288.07385,296.26773,68.42511,0.9512341,295.68927,307.19122,0.0,0.0,0.0,31.115046,-29.694963,0.0,5.322786,13751889.0,17236388.0,0.009999999,0.0,0.0,0.0,307.19122,307.19122,300.2096,307.19122,43.747837,3.237784
WRF_PCE_07_LA_13,299.5212,310.4008,509.36575,-257.27988,252.08594,-65.76534,120.23039,0.0,112.63157,14462493.0,19379788.0,0.010200179,160.73438,24195186.0,3030248.5,315.77185,324.2941,294.6662,303.23795,51.4241,2.127884,301.07935,307.1912,0.0,0.0,0.0,-25.837433,172.13022,0.0,28.271185,13897200.0,19807682.0,0.009999998,0.0,24468450.0,5641369.5,307.1912,307.1912,291.02322,307.1912,36.691986,4.236562,293.26758,296.6639,0.0,-100.62792,-100.62792,78.60719,-2.3038824,0.0,-1.0215682,14156473.0,17492296.0,0.010186039,10.091174,0.0,0.0,302.70035,296.90018,287.84094,296.0545,68.749435,1.0768073,295.6568,307.19122,0.0,0.0,0.0,30.953316,-29.716572,0.0,5.32479,13757933.0,17224412.0,0.009999999,0.0,0.0,0.0,307.19122,307.19122,300.2096,307.19122,43.724514,3.2337954
WRF_PCE_07_LA_14,299.552,310.25854,523.5374,-257.76477,265.77267,-61.686287,124.73275,0.0,113.408905,14466491.0,19390156.0,0.010152426,169.01552,24388236.0,3231109.0,315.47116,323.92654,310.48798,303.34384,51.155285,2.434732,297.06204,303.0953,0.28290382,-0.17690353,0.106000304,-25.717758,169.61925,0.0,28.01532,14110192.0,19772060.0,0.009866665,0.025247658,24505874.0,5780897.0,307.1779,306.5216,307.16483,307.17133,36.675636,4.2683563,293.18924,296.19034,0.0,-97.60766,-97.60766,75.805916,-3.9967415,0.0,-1.0630547,14152447.0,17451288.0,0.010191353,7.6133504,0.0,0.0,302.10208,296.38943,294.16327,295.77652,69.25719,1.1931381,295.65967,307.19122,0.0,0.0,0.0,31.380302,-29.755384,0.0,5.288412,13857276.0,17226674.0,0.009999999,0.0,0.0,0.0,307.19122,307.19122,307.19122,307.19122,43.80276,3.2291937
WRF_PCE_07_LA_15,299.45563,309.77728,511.26825,-256.69107,254.57721,-59.711166,125.48013,0.0,112.62258,14648254.0,19629950.0,0.010123988,174.1586,24049130.0,3041293.5,314.8574,323.2208,305.59143,303.20972,51.33733,2.7240124,296.93393,303.03995,1.2131213,-0.5893755,0.6237458,-25.50576,171.12642,0.0,27.737453,14193207.0,20068478.0,0.009864864,0.5398256,24444798.0,5680275.0,307.22278,306.5787,303.06223,307.19098,36.772987,4.3057237,293.19138,295.8329,0.0,-94.906166,-94.906166,72.44379,-5.2455034,0.0,-1.0355821,14133721.0,17433540.0,0.010145263,6.1431546,0.0,0.0,301.67752,296.0486,287.35364,295.6366,69.135895,1.3298626,288.94656,300.2096,0.0,-0.28452113,-0.28452113,31.072512,-29.683561,0.0,5.2645016,13761974.0,17230728.0,0.009772726,0.0109179225,0.0,0.0,307.17307,306.0389,300.16745,307.1541,43.846783,3.2435648
WRF_PCE_07_LA_16,299.36597,310.31857,515.6125,-261.59576,254.01678,-67.20013,114.294395,0.0,109.11454,14673182.0,19599310.0,0.010246969,154.4253,23842044.0,3061133.5,315.57626,323.71942,310.65265,303.0153,52.030018,1.8183205,296.78662,302.92465,0.94203824,-0.58647496,0.3555634,-25.375467,166.62907,0.0,27.26814,14254341.0,20032098.0,0.00986111,0.4118396,24179060.0,5700511.5,307.2218,306.55453,307.21252,307.18994,36.931324,4.2103395,293.35883,297.10648,0.0,-102.21033,-102.21033,81.41589,-0.8065412,0.0,-0.9682137,13874311.0,17143824.0,0.010210355,12.027282,0.0,0.0,303.20688,297.3706,288.23425,296.30588,68.41882,0.9333454,295.6925,307.19122,0.0,0.0,0.0,30.934223,-29.575348,0.0,5.311772,13560131.0,16851068.0,0.009999999,0.0,0.0,0.0,307.19122,307.19122,300.36475,307.19122,43.770756,3.1576257
WRF_PCE_07_LA_17,299.4778,309.62585,510.97775,-250.88362,260.09415,-61.332188,123.04387,0.0,112.36065,14663177.0,19630808.0,0.010188485,169.7255,24168896.0,3406612.5,315.16345,323.58112,310.10806,303.17322,51.510315,2.6341388,297.09195,303.1492,1.6183404,-0.66353846,0.95480174,-26.41184,171.95982,0.0,27.83059,14251193.0,20085172.0,0.00986842,0.5259806,24764166.0,5835822.0,307.22192,306.60693,307.21622,307.19272,36.77097,4.309709,293.38745,296.67654,0.0,-97.7539,-97.7539,76.62773,-3.1651094,0.0,-0.959909,13831933.0,17110396.0,0.010180565,9.847752,0.0,0.0,302.62308,296.9512,287.58633,296.06366,68.51654,1.3142049,289.0156,300.2096,0.0,-0.24648924,-0.24648924,30.96737,-29.835247,0.0,5.247763,13538428.0,16855742.0,0.009772726,-0.00073197257,0.0,0.0,307.16403,306.03232,300.15643,307.15015,43.69964,3.2057574
WRF_PCE_07_LA_18,299.55942,310.47873,524.26624,-252.39633,271.8698,-69.17531,120.144806,0.0,113.567345,14091581.0,18837920.0,0.010214505,153.37535,24647206.0,3393674.0,315.938,324.44482,311.06573,303.26004,51.39106,1.9358343,293.17984,299.1072,1.19821,-0.71438307,0.48382685,-26.241117,171.97476,0.0,27.711153,13865609.0,19276966.0,0.009736841,0.34196225,24765370.0,5837817.0,307.21042,305.9327,307.19327,307.17517,36.675232,4.053337,293.44022,297.38733,0.0,-103.70418,-103.70418,84.003365,-0.23905824,0.0,-0.9231231,13885777.0,17157498.0,0.010218963,13.337235,0.0,0.0,303.39816,297.6704,294.74854,296.43082,68.295296,1.0315074,289.15628,300.36475,0.0,-0.3031202,-0.3031202,31.62126,-29.535748,0.0,5.2368298,13648532.0,16849390.0,0.009777776,0.009840393,0.0,0.0,307.17404,306.0666,307.14548,307.15814,43.84277,3.1451185
WRF_PCE_07_LA_19,299.5974,310.36368,526.37897,-259.8055,266.57346,-65.66295,126.549164,0.0,114.97937,14650750.0,19685036.0,0.010157616,174.25368,24694770.0,3262145.5,315.59552,324.2372,302.35788,303.39285,51.07243,2.4791596,297.04666,303.03995,1.602393,-0.635522,0.966871,-27.719275,176.95087,0.0,28.301609,14127391.0,20136698.0,0.009864864,0.43787843,25259298.0,5920099.5,307.21616,306.58478,298.9097,307.1895,36.553608,4.3360605,293.21106,296.25354,0.0,-97.03073,-97.03073,75.06012,-3.7308023,0.0,-1.0237765,14149001.0,17459928.0,0.01019209,8.215883,0.0,0.0,302.18497,296.48843,287.67444,295.8124,69.21102,1.2108996,295.6781,307.19122,0.0,0.0,0.0,30.955065,-29.48048,0.0,5.3785815,13781562.0,17234842.0,0.009999999,0.0,0.0,0.0,307.19122,307.19122,300.2096,307.19122,43.910446,3.227388
WRF_PCE_07_LA_20,299.469,309.79578,522.79156,-257.16147,265.6301,-61.433586,124.63918,0.0,112.61405,14447998.0,19353204.0,0.010147369,168.43517,24231006.0,3141266.5,315.01266,323.4489,310.05496,303.20114,51.379025,2.626318,301.02725,307.1912,0.0,0.0,0.0,-25.91696,170.37274,0.0,28.197174,14096971.0,19771184.0,0.009999999,0.0,24587308.0,5801728.5,307.1912,307.1912,307.1912,307.1912,36.746082,4.2605643,293.225,296.02023,0.0,-96.953415,-96.953415,75.022514,-4.617937,0.0,-1.018386,14153404.0,17451192.0,0.010176392,7.115568,0.0,0.0,301.9615,296.26697,294.24442,295.72086,69.22225,1.3162278,289.14404,300.36475,0.0,-0.28100792,-0.28100792,31.630108,-29.70948,0.0,5.2891207,13862063.0,17238030.0,0.009777776,-0.0051075537,0.0,0.0,307.16974,306.06244,307.14438,307.15652,43.85643,3.2440991
WRF_PCE_07_LA_21,299.4211,309.68118,520.1335,-247.78108,272.35236,-63.548573,125.541534,0.0,112.77939,14079647.0,18794008.0,0.010185907,163.23373,24364742.0,3303290.5,314.83142,323.3109,309.92285,303.1444,51.695137,2.5142665,296.9612,303.03995,0.5657915,-0.42325875,0.14253275,-26.184015,170.18414,0.0,27.747265,13870570.0,19255814.0,0.009864864,0.31750593,24575152.0,5796165.0,307.20987,306.55298,307.20087,307.1865,36.840786,4.0461197,293.22845,296.0871,0.0,-95.28722,-95.28722,72.66319,-4.6265464,0.0,-1.0232161,14136721.0,17451628.0,0.0101609165,7.2071195,0.0,0.0,301.96344,296.30765,287.50262,295.73862,69.07363,1.329344,295.68256,307.19122,0.0,0.0,0.0,30.770111,-29.799755,0.0,5.395251,13764506.0,17236916.0,0.009999999,0.0,0.0,0.0,307.19122,307.19122,300.36475,307.19122,43.790092,3.2603102
WRF_PCE_07_LA_22,299.51123,310.45966,508.6399,-253.02922,255.61073,-67.45089,117.47153,0.0,111.26095,14660639.0,19647930.0,0.010207531,159.4632,24148776.0,3346084.8,315.76004,323.98346,306.74298,303.2153,51.459793,1.9424573,301.04968,307.1912,0.0,0.0,0.0,-26.102291,170.02112,0.0,28.04425,14171232.0,20071390.0,0.009999999,0.0,24503464.0,5752240.0,307.1912,307.1912,303.0953,307.1912,36.673634,4.2596107,293.4705,297.49515,0.0,-99.60769,-99.60769,81.56429,-0.19362272,0.0,-0.9058493,12920957.0,15987028.0,0.010189547,12.969894,0.0,0.0,303.4896,297.75378,288.03104,296.49777,67.918846,0.93879086,289.15314,300.36475,0.0,-0.25648618,-0.25648618,30.640247,-29.543514,0.0,5.2471247,12890125.0,15709453.0,0.009777776,0.019237816,0.0,0.0,307.16748,306.06262,300.31226,307.1518,43.64601,3.0034025
WRF_PCE_07_LA_23,299.55334,310.81876,516.3608,-258.61478,257.74594,-68.496796,115.62478,0.0,111.19517,14688862.0,19662342.0,0.010237043,156.19922,24220218.0,3305197.8,316.10538,324.27615,311.47974,303.26303,51.442146,1.6903983,297.126,303.1492,1.4664494,-0.55947137,0.90697813,-26.618855,171.69696,0.0,27.732304,14252199.0,20093280.0,0.00986842,0.32451436,24765808.0,5836669.0,307.21036,306.59164,307.20615,307.1871,36.69841,4.2479663,293.45047,297.7177,0.0,-107.157776,-107.157776,86.42597,0.97313297,0.0,-0.9201752,14216798.0,17580650.0,0.010232365,15.094591,0.0,0.0,303.69632,297.95688,294.954,296.60074,68.102974,0.87797874,288.8407,300.04724,0.0,-0.3082181,-0.3082181,31.701508,-29.210873,0.0,5.152203,13877217.0,17236146.0,0.009767441,0.029325044,0.0,0.0,307.17596,306.014,307.15002,307.15466,43.83451,3.1766887
WRF_PCE_07_LA_24,299.6571,310.8671,496.53204,-245.76709,250.76498,-66.72747,117.37301,0.0,112.35939,14283239.0,19142012.0,0.010220722,153.46497,24223714.0,3342868.5,316.15784,324.37476,298.87582,303.38074,51.081665,1.718509,293.1043,298.99942,2.6360009,-1.0719211,1.5640802,-26.420702,174.35759,0.0,27.556957,13827272.0,19589416.0,0.009733332,0.7417885,24769710.0,5689839.0,307.23444,305.97205,294.93704,307.183,36.620945,4.141664,293.49762,297.90002,0.0,-107.65281,-107.65281,87.105774,1.2167033,0.0,-0.8921224,14207775.0,17595400.0,0.010211407,15.958226,0.0,0.0,303.79474,298.15088,294.94522,296.6804,67.8156,0.9256897,295.7009,307.19122,0.0,0.0,0.0,31.652962,-29.542986,0.0,5.315085,13862460.0,17236328.0,0.009999999,0.0,0.0,0.0,307.19122,307.19122,307.19122,307.19122,43.75394,3.2180667
WRF_PCE_07_LA_25,299.47665,310.04678,509.1727,-250.92961,258.24316,-61.9155,122.85998,0.0,112.3012,14090999.0,18883504.0,0.01017851,164.1618,24093352.0,3135481.5,315.25528,323.6549,298.21082,303.21713,51.472267,2.3325896,301.04263,307.1912,0.0,0.0,0.0,-25.581049,170.1274,0.0,28.176344,13697131.0,19324486.0,0.009999999,0.0,24387190.0,5671692.5,307.1912,307.1912,294.90353,307.1912,36.786884,4.1290355,293.24506,296.30524,0.0,-97.211426,-97.211426,74.72931,-3.7241347,0.0,-1.0212988,14145409.0,17468004.0,0.010178992,8.276633,0.0,0.0,302.265,296.54074,287.6034,295.8603,68.99588,1.2095119,295.68414,307.19122,0.0,0.0,0.0,30.882504,-29.737375,0.0,5.370157,13760040.0,17236168.0,0.009999999,0.0,0.0,0.0,307.19122,307.19122,300.36475,307.19122,43.787933,3.249194
WRF_PCE_07_LA_26,299.4921,310.06754,531.9558,-261.4858,270.47,-65.1777,124.60668,0.0,113.78157,14454890.0,19361832.0,0.010159638,167.2506,24553686.0,3125564.0,315.24963,323.85226,310.23822,303.22794,51.384914,2.453897,297.0443,303.0953,0.004282768,-0.24642085,-0.24213812,-25.781685,170.40002,0.0,28.071272,14110327.0,19781212.0,0.009866665,0.08718619,24587634.0,5801860.5,307.19745,306.53543,307.1866,307.18088,36.667557,4.232234,293.2181,296.12076,0.0,-96.92812,-96.92812,74.451614,-4.1875734,0.0,-1.0329111,14140675.0,17455052.0,0.010172431,7.5378494,0.0,0.0,302.09543,296.36188,287.67087,295.7803,69.08416,1.2348417,295.68137,307.19122,0.0,0.0,0.0,30.886204,-29.756802,0.0,5.3725142,13766208.0,17236398.0,0.009999999,0.0,0.0,0.0,307.19122,307.19122,300.36475,307.19122,43.793518,3.2519107
WRF_PCE_07_LA_27,299.5217,310.48035,519.88226,-253.27586,266.6064,-74.21984,114.00414,0.0,111.56276,14299692.0,19115176.0,0.0102455495,147.50983,24411618.0,3347692.2,315.9399,324.16275,311.3838,303.15897,51.50494,1.678583,301.06195,307.1912,0.0,0.0,0.0,-26.500942,171.80252,0.0,28.123585,13985257.0,19553102.0,0.009999999,0.0,24755712.0,5841186.0,307.1912,307.1912,307.1912,307.1912,36.684162,4.1122103,293.56198,298.15433,0.0,-108.54288,-108.54288,86.44986,2.4900753,0.0,-0.866256,14186804.0,17626140.0,0.0102039715,18.312435,0.0,0.0,304.05753,298.44528,281.33392,296.87323,67.456535,0.9279981,289.09976,300.36475,0.0,-0.31079927,-0.31079927,30.531378,-29.45076,0.0,5.1894727,13667282.0,17236474.0,0.009777776,0.05048339,0.0,0.0,307.18597,306.07587,293.508,307.16342,43.762035,3.2049937
WRF_PCE_07_LA_28,299.56375,310.56522,514.7387,-248.06921,266.6696,-69.2453,117.81684,0.0,112.23496,14309765.0,19122274.0,0.010228767,152.44856,24431534.0,3493084.8,315.91336,324.14102,311.26465,303.2746,51.372597,1.8145802,301.0885,307.1912,0.0,0.0,0.0,-26.190327,172.0115,0.0,28.232178,13999906.0,19544236.0,0.009999998,0.0,24767098.0,5843836.0,307.1912,307.1912,307.1912,307.1912,36.66976,4.128958,293.50018,297.85394,0.0,-107.307976,-107.307976,86.76757,1.0174652,0.0,-0.89104825,14203467.0,17593548.0,0.010207642,15.861213,0.0,0.0,303.74005,298.11444,294.84836,296.65503,67.84332,0.987025,295.69925,307.19122,0.0,0.0,0.0,31.637875,-29.577057,0.0,5.3291464,13862195.0,17236238.0,0.009999999,0.0,0.0,0.0,307.19122,307.19122,307.19122,307.19122,43.760212,3.2234561
WRF_PCE_07_LA_29,299.51163,310.25308,515.0766,-256.18805,258.88855,-63.51526,120.49042,0.0,111.92718,14669138.0,19648604.0,0.010183254,165.22017,24189042.0,3314819.8,315.5979,323.9111,310.58984,303.23712,51.392494,2.2175105,301.04535,307.1912,0.0,0.0,0.0,-25.761757,169.88632,0.0,28.156374,14247562.0,20067222.0,0.009999999,0.0,24525504.0,5786825.5,307.1912,307.1912,307.1912,307.1912,36.713165,4.3018723,293.31375,296.8422,0.0,-99.91833,-99.91833,79.96805,-1.9562625,0.0,-0.97832835,13855484.0,17093634.0,0.0102095585,10.122611,0.0,0.0,302.8173,297.0975,294.47586,296.11554,68.79418,1.080933,295.6926,307.19122,0.0,0.0,0.0,31.401966,-29.39865,0.0,5.365127,13648957.0,16830264.0,0.009999999,0.0,0.0,0.0,307.19122,307.19122,307.19122,307.19122,43.90605,3.1405625
WRF_PCE_07_LA_30,299.5325,310.48944,526.5904,-258.2371,268.3533,-67.0063,123.23587,0.0,113.70152,14474793.0,19400680.0,0.010188657,165.59705,24652980.0,3335578.0,315.6796,324.21838,310.72275,303.29184,51.3834,2.1486144,297.11334,303.1492,0.26196396,-0.3308395,-0.0688755,-26.148811,172.15082,0.0,28.034918,14120841.0,19828250.0,0.00986842,0.18866003,24766682.0,5842764.0,307.20605,306.55994,307.19614,307.1854,36.665318,4.219639,293.33667,296.75943,0.0,-100.93264,-100.93264,79.527275,-2.389402,0.0,-0.97986776,14176016.0,17507972.0,0.01019297,10.290279,0.0,0.0,302.76746,297.00845,294.5853,296.10223,68.623276,1.1162435,295.70798,307.19122,0.0,0.0,0.0,31.672167,-29.601103,0.0,5.370017,13867325.0,17241382.0,0.009999999,0.0,0.0,0.0,307.19122,307.19122,307.19122,307.19122,43.801685,3.2397292
WRF_PCE_07_LA_31,299.53726,310.07227,499.4208,-242.82854,256.59225,-65.46642,119.86076,0.0,112.685715,14273304.0,19101352.0,0.010219279,155.03539,24255888.0,3410118.2,315.66156,324.02698,302.48184,303.22763,51.418182,2.1445,301.07962,307.1912,0.0,0.0,0.0,-25.327574,172.09975,0.0,28.278927,13860983.0,19511588.0,0.009999998,0.0,24521480.0,5677840.0,307.1912,307.1912,299.1072,307.1912,36.693947,4.1871367,293.40558,297.45013,0.0,-104.773384,-104.773384,83.9538,-0.30417758,0.0,-0.949616,14176021.0,17552446.0,0.01018495,13.956955,0.0,0.0,303.30908,297.687,294.4166,296.4155,68.16785,1.1370836,288.91486,300.2096,0.0,-0.28733337,-0.28733337,31.529224,-29.536188,0.0,5.196083,13858675.0,17223794.0,0.009772726,0.031121494,0.0,0.0,307.18048,306.04593,307.1546,307.15976,43.8235,3.2113228
WRF_PCE_07_LA_32,299.55695,310.8552,524.81146,-263.76218,261.0494,-69.18466,117.38185,0.0,112.0883,14681157.0,19666480.0,0.010217886,158.62122,24416048.0,3219415.2,316.10327,324.4821,311.3604,303.2771,51.37252,1.7779418,301.0894,307.1912,0.0,0.0,0.0,-26.32183,171.98686,0.0,28.201069,14251060.0,20093642.0,0.009999998,0.0,24766412.0,5843878.5,307.1912,307.1912,307.1912,307.1912,36.659893,4.2641716,293.3866,297.3074,0.0,-105.33648,-105.33648,84.19427,-0.26242283,0.0,-0.95273995,14194396.0,17548114.0,0.010212129,13.1580305,0.0,0.0,303.36646,297.56216,294.86603,296.40045,68.27621,0.92008424,295.6952,307.19122,0.0,0.0,0.0,31.654835,-29.54815,0.0,5.3085494,13861659.0,17235606.0,0.009999999,0.0,0.0,0.0,307.19122,307.19122,307.19122,307.19122,43.76183,3.2195754
WRF_PCE_07_LA_33,299.52884,310.19244,485.25632,-232.87508,252.38126,-68.69879,115.07135,0.0,109.82831,14227840.0,19090530.0,0.010236357,153.91293,23837724.0,3609408.5,315.4631,323.13858,297.51416,303.18777,51.503162,1.83603,288.2976,294.21133,1.2441685,-1.1112461,0.13292238,-23.791662,162.52286,0.0,26.667433,13751008.0,19465796.0,0.009577462,0.64310217,23581072.0,5490113.5,307.2238,305.15784,294.2049,307.1621,36.761486,4.1674943,293.63702,298.56464,0.0,-110.05369,-110.05369,90.178635,2.670796,0.0,-0.8137743,14217489.0,17648872.0,0.01020491,19.197645,0.0,0.0,304.20462,298.841,294.91647,296.97665,67.2939,1.0059549,295.70566,307.19122,0.0,0.0,0.0,31.625238,-29.577213,0.0,5.335477,13863307.0,17237168.0,0.009999999,0.0,0.0,0.0,307.19122,307.19122,307.19122,307.19122,43.74782,3.2231688
WRF_PCE_07_LA_34,299.58304,310.33078,514.3619,-249.34866,265.01324,-70.60896,122.49442,0.0,114.6039,14666316.0,19676890.0,0.010201775,165.53468,24797560.0,3572955.2,315.74686,324.3003,306.51862,303.31326,51.228348,2.1846123,292.98645,298.88873,1.5977665,-0.935837,0.66192955,-26.630722,175.4132,0.0,27.842325,14186306.0,20120660.0,0.009729728,0.6563498,25004136.0,5839933.5,307.23282,305.92868,303.0635,307.18317,36.57893,4.282705,293.4997,297.55783,0.0,-104.727005,-104.727005,84.001976,-0.3248596,0.0,-0.9055655,14193746.0,17576734.0,0.01020969,14.146293,0.0,0.0,303.45828,297.84122,294.6771,296.50165,68.02575,1.1384509,282.58762,293.53827,0.0,-0.5615524,-0.5615524,31.856071,-29.521036,0.0,5.083114,13862721.0,17237884.0,0.009555554,0.052207675,0.0,0.0,307.1563,304.94006,307.10617,307.12006,43.70614,3.2145524
WRF_PCE_07_LA_35,299.5997,310.27725,517.89813,-256.01932,261.87878,-65.45089,121.02403,0.0,113.124535,14672069.0,19673234.0,0.01018779,165.13017,24461836.0,3430731.8,315.87335,324.3321,310.9262,303.33368,51.071938,2.2507663,297.08105,303.0953,0.30640313,-0.1891454,0.11725771,-25.724527,170.51862,0.0,27.992311,14239907.0,20067488.0,0.009866665,0.037934057,24579262.0,5797987.0,307.17795,306.52173,307.16257,307.16852,36.597984,4.3027344,293.41614,297.25473,0.0,-100.46941,-100.46941,79.26576,-0.8860108,0.0,-0.9382931,13862438.0,17168124.0,0.010193466,12.9556875,0.0,0.0,303.20926,297.52106,281.47455,296.3483,68.2544,1.1284959,295.69186,307.19122,0.0,0.0,0.0,30.282015,-29.683638,0.0,5.3559704,13464942.0,16862440.0,0.009999999,0.0,0.0,0.0,307.19122,307.19122,293.53827,307.19122,43.771626,3.188305
WRF_PCE_07_LA_36,299.70065,310.90375,528.4214,-252.75829,275.66315,-81.10907,116.25201,0.0,114.70253,14316532.0,19194020.0,0.010267466,151.55873,25054158.0,3518530.8,316.28848,324.6654,307.89786,303.34818,51.137207,1.6155044,297.21954,303.0953,0.007162616,-0.2915131,-0.28435045,-26.909658,174.7611,0.0,28.386185,13940687.0,19623676.0,0.009866665,0.12032233,25054688.0,5895683.5,307.2002,306.53912,303.09152,307.1818,36.514652,4.168679,293.6875,298.62173,0.0,-112.4829,-112.4829,91.7777,3.7324717,0.0,-0.78899103,14223725.0,17672606.0,0.010204211,20.521072,0.0,0.0,304.42365,298.91226,288.5635,297.13666,66.95202,0.87823945,295.7189,307.19122,0.0,0.0,0.0,31.158466,-29.447603,0.0,5.3125386,13773652.0,17239156.0,0.009999999,0.0,0.0,0.0,307.19122,307.19122,300.2096,307.19122,43.747543,3.209881
WRF_PCE_07_LA_37,299.5896,310.76596,507.42938,-256.20282,251.2266,-65.43873,120.77499,0.0,113.03927,14480473.0,19419016.0,0.010217363,162.76045,24315140.0,3196334.5,316.0679,324.52676,302.71512,303.3579,51.313633,1.9735649,301.1284,307.1912,0.0,0.0,0.0,-25.641562,173.31114,0.0,28.334993,14009186.0,19848720.0,0.009999999,0.0,24580482.0,5676926.5,307.1912,307.1912,298.99942,307.1912,36.685135,4.2394724,293.4017,297.1442,0.0,-101.33338,-101.33338,82.179924,-0.99642235,0.0,-0.94695795,13548007.0,16728518.0,0.010226455,11.838311,0.0,0.0,303.20227,297.42834,294.81973,296.3129,68.48683,0.98291373,295.74997,307.19122,0.0,0.0,0.0,31.502522,-29.528124,0.0,5.329341,13419353.0,16448479.0,0.009999999,0.0,0.0,0.0,307.19122,307.19122,307.19122,307.19122,43.809586,3.1072505
WRF_PCE_07_LA_38,299.58966,310.08768,524.9756,-256.52097,268.45468,-66.35367,124.76648,0.0,114.4781,14676463.0,19676692.0,0.01019336,170.55617,24739274.0,3437473.8,315.56934,324.2544,310.5948,303.32132,51.25123,2.4822702,297.13156,303.0953,0.017451866,-0.1616891,-0.14423726,-26.352646,172.01035,0.0,28.189089,14247663.0,20078654.0,0.009866665,-0.0037386552,24753596.0,5840666.5,307.1751,306.51303,307.158,307.16922,36.66206,4.2734637,293.3411,296.71448,0.0,-99.29936,-99.29936,78.866356,-2.6338758,0.0,-0.9672641,13863434.0,17119298.0,0.010196884,10.222128,0.0,0.0,302.69757,296.98083,294.42456,296.05914,68.77296,1.2303288,289.15485,300.36475,0.0,-0.28124666,-0.28124666,31.575813,-29.66552,0.0,5.2812023,13645746.0,16862614.0,0.009777776,-0.002696754,0.0,0.0,307.16916,306.06293,307.14133,307.15616,43.847137,3.187895
WRF_PCE_07_LA_39,299.52838,310.74518,523.0911,-261.12003,261.9711,-68.96753,118.44609,0.0,111.91369,14677850.0,19660142.0,0.010226317,159.85895,24427136.0,3271654.2,315.93314,324.30356,311.14017,303.25256,51.51375,1.8415407,297.11078,303.1492,0.8871751,-0.5191204,0.36805478,-26.296673,171.95016,0.0,27.757738,14252384.0,20092664.0,0.00986842,0.38582316,24766530.0,5839746.5,307.21768,306.58554,307.21085,307.18945,36.682827,4.257924,293.33044,297.14862,0.0,-103.957146,-103.957146,82.76302,-0.83266443,0.0,-0.9844564,14179818.0,17526250.0,0.010204726,12.248399,0.0,0.0,303.1661,297.36566,294.70273,296.2842,68.49663,0.95454276,282.51498,293.53827,0.0,-0.6542397,-0.6542397,31.995792,-29.37186,0.0,5.094857,13863690.0,17237748.0,0.009555554,0.11786568,0.0,0.0,307.17816,304.9629,307.13034,307.13406,43.8166,3.199317
WRF_PCE_07_LA_40,299.5036,310.3723,510.46994,-254.97531,255.49466,-63.962257,121.55591,0.0,112.55975,14463671.0,19380888.0,0.010188146,163.09119,24261834.0,3190788.2,315.5794,324.02618,306.2887,303.246,51.437214,2.1542883,301.05197,307.1912,0.0,0.0,0.0,-25.817644,171.91153,0.0,28.202715,14050624.0,19790988.0,0.009999999,0.0,24550810.0,5704058.5,307.1912,307.1912,303.0953,307.1912,36.710884,4.228037,293.3796,296.79822,0.0,-99.78485,-99.78485,77.62423,-2.257809,0.0,-0.95604426,14178234.0,17520264.0,0.01021478,10.568142,0.0,0.0,302.8695,297.0849,287.56476,296.14447,68.64374,1.1282296,288.8879,300.04724,0.0,-0.32302064,-0.32302064,31.172426,-29.670996,0.0,5.265401,13772236.0,17257510.0,0.009767441,0.010910886,0.0,0.0,307.17776,306.01645,300.0075,307.15857,43.840546,3.2472038
WRF_PCE_07_LA_41,299.5357,310.69186,527.5882,-264.57364,263.01456,-69.621864,117.07336,0.0,112.10444,14490321.0,19390500.0,0.010221008,156.02925,24412258.0,3144072.2,316.06552,324.52017,311.23184,303.22943,51.441097,1.82313,301.08624,307.1912,0.0,0.0,0.0,-26.321363,171.99712,0.0,28.215197,14125150.0,19829790.0,0.009999998,0.0,24765914.0,5843762.5,307.1912,307.1912,307.1912,307.1912,36.671616,4.19879,293.37888,297.2089,0.0,-102.68406,-102.68406,80.07308,-0.45460564,0.0,-0.9585692,14172457.0,17543248.0,0.010210716,12.94029,0.0,0.0,303.30713,297.47763,281.57578,296.36386,68.325165,0.9582763,295.69266,307.19122,0.0,0.0,0.0,30.33778,-29.570074,0.0,5.3131986,13677891.0,17235208.0,0.009999999,0.0,0.0,0.0,307.19122,307.19122,293.53827,307.19122,43.76972,3.2217448
WRF_PCE_07_LA_42,299.5533,310.81522,519.79865,-259.54993,260.24863,-70.31756,116.86037,0.0,112.006645,14491569.0,19409906.0,0.010224605,155.86986,24366896.0,3214622.8,316.1122,324.47784,307.25067,303.26166,51.401505,1.7515757,301.0895,307.1912,0.0,0.0,0.0,-26.22019,171.99754,0.0,28.198816,14059309.0,19820746.0,0.009999998,0.0,24698222.0,5797929.5,307.1912,307.1912,303.1492,307.1912,36.66309,4.235575,293.41388,297.44705,0.0,-103.94901,-103.94901,83.15304,0.18679488,0.0,-0.9389909,13887575.0,17182532.0,0.010214325,13.868191,0.0,0.0,303.49228,297.7054,288.267,296.4766,68.15975,0.90132576,295.69766,307.19122,0.0,0.0,0.0,30.911543,-29.54426,0.0,5.307498,13558165.0,16864698.0,0.009999999,0.0,0.0,0.0,307.19122,307.19122,300.36475,307.19122,43.758095,3.1705835
WRF_PCE_07_LA_43,299.60587,310.97495,521.6111,-256.28076,265.33035,-74.753174,112.959496,0.0,111.59097,14131157.0,18908644.0,0.010254326,147.36194,24395150.0,3290143.2,316.34912,324.50156,308.15082,303.28354,51.303055,1.4319087,297.15817,303.1492,0.97205526,-0.37401086,0.5980444,-26.80452,171.75699,0.0,27.791946,13809162.0,19336040.0,0.00986842,0.14388025,24764732.0,5837230.0,307.1936,306.5616,303.14294,307.17908,36.659756,4.0912166,293.60107,298.38608,0.0,-111.96549,-111.96549,92.40054,3.3360507,0.0,-0.83778065,13923001.0,17266724.0,0.010212011,18.930319,0.0,0.0,304.29813,298.65292,295.21396,297.018,67.22149,0.7691419,295.70663,307.19122,0.0,0.0,0.0,31.61932,-29.441067,0.0,5.287152,13647502.0,16863066.0,0.009999999,0.0,0.0,0.0,307.19122,307.19122,307.19122,307.19122,43.730034,3.1597211
WRF_PCE_07_LA_44,299.616,310.79138,527.8577,-263.02502,264.83264,-69.89212,119.33313,0.0,113.7089,14691630.0,19686228.0,0.010196081,161.22467,24677980.0,3321779.2,316.22534,324.73157,311.46628,303.3545,51.08709,1.9201399,289.2267,295.06522,2.024225,-1.074886,0.94933933,-26.465952,171.88286,0.0,27.330425,14252179.0,20088794.0,0.0096052615,0.49848497,24763738.0,5833529.0,307.20862,305.29767,307.1795,307.15604,36.579117,4.2533755,293.452,297.4777,0.0,-106.26116,-106.26116,85.23092,0.0826348,0.0,-0.9174197,14195437.0,17568468.0,0.010194294,14.113123,0.0,0.0,303.50272,297.7462,294.8454,296.5055,67.95698,0.9816027,289.13202,300.36475,0.0,-0.28664544,-0.28664544,31.779802,-29.500223,0.0,5.2167473,13861774.0,17235958.0,0.009777776,0.033892144,0.0,0.0,307.176,306.06754,307.1487,307.15598,43.653408,3.2152927
WRF_PCE_07_LA_45,299.75696,311.01907,549.1145,-271.9198,277.19467,-70.78619,125.706856,0.0,116.97921,14493275.0,19466254.0,0.010180148,168.96324,25289090.0,3188136.2,316.2847,325.26056,311.3896,303.5601,50.599693,2.1661687,297.20035,303.03995,6.8284685e-09,-0.26250276,-0.26250276,-26.852266,176.9879,0.0,28.674799,14127072.0,19896616.0,0.009864864,0.08622622,25304354.0,5969974.5,307.1958,306.52444,307.18512,307.17932,36.343002,4.274108,293.26224,296.50217,0.0,-100.708824,-100.708824,78.95957,-2.7958987,0.0,-1.0154229,14168178.0,17484174.0,0.010195955,9.35027,0.0,0.0,302.57425,296.76062,294.49097,295.98218,68.89376,1.0895718,295.685,307.19122,0.0,0.0,0.0,31.599255,-29.659592,0.0,5.3413143,13860169.0,17235404.0,0.009999999,0.0,0.0,0.0,307.19122,307.19122,307.19122,307.19122,43.79366,3.236988
WRF_PCE_07_LA_46,299.5898,310.6559,516.9388,-258.30438,258.63434,-64.86791,119.35581,0.0,112.36218,14678827.0,19676232.0,0.010183868,162.85892,24318264.0,3356707.2,316.05478,324.3523,311.20966,303.34503,51.13605,1.9967833,297.0506,303.0953,1.1936595,-0.45237637,0.7412832,-26.080309,172.23761,0.0,27.816267,14245435.0,20086204.0,0.009866665,0.23566686,24757012.0,5835721.0,307.20023,306.56772,307.19415,307.18066,36.6496,4.2992997,293.38467,297.3075,0.0,-104.28518,-104.28518,83.28975,-0.52833915,0.0,-0.965924,14190541.0,17545406.0,0.0102181,13.064725,0.0,0.0,303.26248,297.5504,294.63943,296.36707,68.39742,1.0108331,289.1116,300.36475,0.0,-0.34310615,-0.34310615,31.799644,-29.509886,0.0,5.145432,13862569.0,17237196.0,0.009777776,0.061991602,0.0,0.0,307.18738,306.07675,307.16653,307.16312,43.78021,3.2119336
WRF_PCE_07_LA_47,299.52612,310.03275,518.64935,-253.37482,265.2745,-64.70632,122.391655,0.0,113.05771,14470157.0,19378274.0,0.01019118,163.82051,24426492.0,3385894.5,315.53262,324.03293,310.49326,303.2455,51.37094,2.342231,301.07547,307.1912,0.0,0.0,0.0,-26.19172,172.15201,0.0,28.317835,14113047.0,19805888.0,0.009999998,0.0,24767070.0,5843975.5,307.1912,307.1912,307.1912,307.1912,36.703026,4.2448254,293.33203,296.826,0.0,-101.42249,-101.42249,80.10477,-2.2302222,0.0,-0.9803784,14159719.0,17509476.0,0.010176711,10.933695,0.0,0.0,302.78912,297.0876,294.3845,296.11554,68.559654,1.2104504,289.09598,300.36475,0.0,-0.26908407,-0.26908407,31.681608,-29.640793,0.0,5.2404885,13861807.0,17236888.0,0.009777776,0.020151548,0.0,0.0,307.1789,306.06934,307.1549,307.1594,43.786915,3.234335
WRF_PCE_07_LA_48,299.53403,310.22455,516.66895,-247.12007,269.54895,-69.46564,120.91145,0.0,113.49806,14480778.0,19374970.0,0.010206594,159.81966,24648932.0,3591467.5,315.6018,324.02487,310.77783,303.23657,51.39934,2.110705,293.16348,299.1072,1.2080283,-0.84497815,0.36305022,-26.049515,172.04646,0.0,27.67917,14125752.0,19810458.0,0.009736841,0.61295176,24766550.0,5838624.5,307.23035,305.95193,307.2102,307.182,36.656776,4.2027526,293.45102,297.50446,0.0,-102.21583,-102.21583,83.44832,-0.33533028,0.0,-0.91886514,13573097.0,16785880.0,0.010196022,13.281003,0.0,0.0,303.37964,297.7631,294.6087,296.44943,68.11384,1.0672749,295.69415,307.19122,0.0,0.0,0.0,31.38132,-29.663492,0.0,5.359633,13424481.0,16467952.0,0.009999999,0.0,0.0,0.0,307.19122,307.19122,307.19122,307.19122,43.777973,3.1236362
WRF_PCE_07_LA_49,299.57452,310.44714,496.07172,-254.05731,242.01453,-58.003605,121.56269,0.0,112.18478,14469637.0,19410418.0,0.010160644,166.48848,23883598.0,3064337.0,315.75217,324.0657,298.0084,303.34866,51.086285,2.2494109,293.02795,298.99942,1.867959,-0.72846407,1.1394949,-25.099575,169.3662,0.0,27.40613,13947424.0,19792624.0,0.009733332,0.33184478,24146118.0,5529488.0,307.19113,305.912,294.88724,307.16153,36.669548,4.2618957,293.2816,296.59177,0.0,-100.33244,-100.33244,78.77589,-2.7498615,0.0,-1.0047014,14167080.0,17489890.0,0.01019339,9.604728,0.0,0.0,302.597,296.83505,294.46606,296.00845,68.83129,1.1199236,295.68747,307.19122,0.0,0.0,0.0,31.5873,-29.685656,0.0,5.355013,13860635.0,17236236.0,0.009999999,0.0,0.0,0.0,307.19122,307.19122,307.19122,307.19122,43.784203,3.2407918
WRF_PCE_07_LA_50,299.42972,309.94794,498.27295,-252.04153,246.23145,-59.939487,119.95264,0.0,110.78218,14661431.0,19618730.0,0.010215243,164.76762,23793128.0,3172385.8,315.25552,323.49048,305.72226,303.13467,51.778854,2.2993133,288.9967,294.90353,3.7819295,-1.6731119,2.1088178,-26.134731,170.56412,0.0,26.804169,14176414.0,20072628.0,0.009599999,1.1309087,24478848.0,5676792.5,307.2562,305.36084,303.13922,307.18192,36.811665,4.252647,293.26248,296.59515,0.0,-96.23526,-96.23526,72.78309,-2.8550353,0.0,-1.0192302,14130026.0,17484300.0,0.01017543,9.50962,0.0,0.0,302.5339,296.81253,273.9683,295.98865,68.80228,1.1562365,289.08572,300.36475,0.0,-0.33187208,-0.33187208,29.85759,-29.620607,0.0,5.224516,13569519.0,17236654.0,0.009777776,0.07301418,0.0,0.0,307.18866,306.0787,286.68695,307.16336,43.72234,3.2366488
WRF_PCE_07_LA_51,299.62576,310.486,521.7985,-251.56386,270.2347,-72.81863,117.653786,0.0,113.117,14293689.0,19122992.0,0.010264104,152.27762,24623874.0,3443055.0,316.0941,324.48508,307.50183,303.30237,51.307922,1.8953421,297.1082,303.03995,0.0010074312,-0.15266855,-0.15166113,-26.089367,171.04778,0.0,28.049799,13939862.0,19519436.0,0.009864864,0.0052949227,24624664.0,5808993.5,307.17456,306.50302,303.0059,307.16708,36.653008,4.141173,293.66217,298.1104,0.0,-108.87651,-108.87651,87.98167,1.8086195,0.0,-0.79843813,14212663.0,17641544.0,0.0101847695,17.675768,0.0,0.0,304.08026,298.42923,288.169,296.88696,67.167046,1.0397854,282.3192,293.228,0.0,-0.6082205,-0.6082205,31.50603,-29.515644,0.0,5.160864,13764998.0,17242950.0,0.009545454,0.053127386,0.0,0.0,307.15378,304.89075,300.11047,307.1187,43.680573,3.2173219
WRF_PCE_07_LA_52,299.51886,310.6257,518.74567,-258.0106,260.7351,-71.524155,115.04548,0.0,111.325615,14684960.0,19649792.0,0.010253245,154.36458,24323910.0,3315254.5,315.95804,324.19952,311.32547,303.19104,51.583927,1.7243927,301.07996,307.1912,0.0,0.0,0.0,-26.409163,170.81563,0.0,28.080017,14256473.0,20087274.0,0.009999999,0.0,24665280.0,5819846.0,307.1912,307.1912,307.1912,307.1912,36.70468,4.220502,293.4914,297.81946,0.0,-105.99625,-105.99625,87.3651,1.2875139,0.0,-0.8986806,13603322.0,16818682.0,0.0102125285,15.320349,0.0,0.0,303.79364,298.0839,294.94995,296.67612,67.81426,0.8742022,295.69894,307.19122,0.0,0.0,0.0,31.439562,-29.533247,0.0,5.3096743,13439087.0,16474786.0,0.009999999,0.0,0.0,0.0,307.19122,307.19122,307.19122,307.19122,43.75519,3.0862079
WRF_PCE_07_LA_53,299.4586,310.1424,500.55283,-252.81905,247.73376,-63.96103,115.380714,0.0,110.18667,14464387.0,19338682.0,0.010242203,152.79175,23797908.0,3132200.8,315.675,323.88336,306.32162,303.10205,51.737885,1.9814047,293.10638,299.1072,3.1333675,-1.2969416,1.8364254,-26.03926,171.59259,0.0,27.171879,14057974.0,19803384.0,0.009736841,0.8996597,24570418.0,5697738.0,307.24976,306.0175,303.19913,307.1906,36.771427,4.1942124,293.42746,297.3386,0.0,-105.58264,-105.58264,84.51314,-0.27803412,0.0,-0.93869776,14189621.0,17557926.0,0.010204936,13.70588,0.0,0.0,303.3696,297.61438,294.6801,296.42673,68.18583,1.05541,295.6925,307.19122,0.0,0.0,0.0,31.610893,-29.615698,0.0,5.329004,13861171.0,17235718.0,0.009999999,0.0,0.0,0.0,307.19122,307.19122,307.19122,307.19122,43.76793,3.2287214
WRF_PCE_07_LA_54,299.52118,310.15005,510.1135,-254.22574,255.8877,-63.884632,121.35057,0.0,112.85757,14475813.0,19375578.0,0.010199219,161.62119,24278022.0,3217973.0,315.63367,324.15015,306.33743,303.2335,51.415825,2.249942,301.0769,307.1912,0.0,0.0,0.0,-25.646664,172.13737,0.0,28.296555,14065187.0,19812976.0,0.009999998,0.0,24568702.0,5710111.0,307.1912,307.1912,303.1492,307.1912,36.70206,4.219661,293.3523,296.84293,0.0,-100.68316,-100.68316,78.914215,-1.9852691,0.0,-0.9667915,14170125.0,17517524.0,0.010206305,11.121,0.0,0.0,302.8771,297.11893,287.83685,296.14456,68.68931,1.1698213,289.15067,300.36475,0.0,-0.29413202,-0.29413202,31.122679,-29.596102,0.0,5.258,13767804.0,17237698.0,0.009777776,0.003428185,0.0,0.0,307.17245,306.06497,300.3185,307.15747,43.859886,3.2267969
WRF_PCE_07_LA_55,299.54642,310.6936,523.5703,-262.23056,261.33972,-69.6146,117.16738,0.0,112.09925,14680098.0,19660896.0,0.010225088,158.15157,24417864.0,3253477.0,316.05237,324.43893,311.28433,303.24643,51.420143,1.8379155,301.08728,307.1912,0.0,0.0,0.0,-26.316183,172.01028,0.0,28.216463,14251392.0,20092944.0,0.009999998,0.0,24766726.0,5843919.5,307.1912,307.1912,307.1912,307.1912,36.66942,4.267157,293.40735,297.4189,0.0,-104.07138,-104.07138,82.12764,0.0923982,0.0,-0.9442508,14168806.0,17557798.0,0.010203554,13.99167,0.0,0.0,303.45853,297.6903,281.61746,296.45932,68.1375,0.9554867,289.1023,300.36475,0.0,-0.28256753,-0.28256753,30.708437,-29.499962,0.0,5.190385,13683356.0,17236164.0,0.009777776,0.029518217,0.0,0.0,307.18076,306.07098,293.50317,307.16034,43.770725,3.2113903
WRF_PCE_07_LA_56,299.59293,310.1287,498.23474,-239.9961,258.23865,-65.096664,121.13939,0.0,113.154366,14688002.0,19674632.0,0.010194096,165.89581,24297788.0,3708377.2,315.64557,323.71558,306.54138,303.3268,51.167324,2.2474675,301.08078,307.1912,0.0,0.0,0.0,-25.65751,171.57903,0.0,28.406376,14201585.0,20085226.0,0.009999999,0.0,24579160.0,5762705.0,307.1912,307.1912,302.92465,307.1912,36.66481,4.3357406,293.54694,297.99704,0.0,-106.22294,-106.22294,86.028694,0.78491354,0.0,-0.8636073,14197470.0,17602470.0,0.010193037,16.280306,0.0,0.0,303.71964,298.2738,294.63583,296.66885,67.73734,1.1577611,295.6977,307.19122,0.0,0.0,0.0,31.585907,-29.658535,0.0,5.3616557,13861660.0,17236566.0,0.009999999,0.0,0.0,0.0,307.19122,307.19122,307.19122,307.19122,43.772434,3.236025
WRF_PCE_07_LA_57,299.49918,310.0072,522.10547,-260.1474,261.9581,-64.03461,122.23284,0.0,112.59147,14669649.0,19644192.0,0.010200495,167.49695,24324002.0,3224595.2,315.4588,323.94907,310.3656,303.21747,51.505962,2.4084876,297.04648,303.0953,0.8979662,-0.54733217,0.35063398,-25.635347,171.47002,0.0,27.817133,14249003.0,20078706.0,0.009866665,0.41698086,24659766.0,5813957.5,307.21927,306.57867,307.20935,307.19,36.743694,4.3185325,293.3525,296.6253,0.0,-98.016624,-98.016624,77.23154,-2.8740883,0.0,-0.98517704,13833075.0,17081756.0,0.010190573,8.993701,0.0,0.0,302.64114,296.9079,287.6586,296.06415,68.60165,1.1710789,282.58,293.53827,0.0,-0.5362682,-0.5362682,31.100117,-29.616745,0.0,5.0816727,13553099.0,16838338.0,0.009555554,0.0195935,0.0,0.0,307.15222,304.93265,300.27835,307.11612,43.718933,3.1453638
WRF_PCE_07_LA_58,299.53937,309.96698,524.9906,-257.7122,267.27835,-61.108414,128.06389,0.0,114.29761,14662684.0,19659990.0,0.010125581,177.48277,24510062.0,3277123.2,315.12405,323.64386,310.2769,303.32706,51.0994,2.762176,296.99753,303.03995,0.6278501,-0.2834833,0.3443668,-26.559296,172.0978,0.0,28.03422,14233651.0,20069248.0,0.009864864,0.08024636,24774374.0,5844177.5,307.1818,306.52542,307.17078,307.17273,36.698124,4.3032126,293.20807,295.95752,0.0,-91.90262,-91.90262,69.40825,-4.990525,0.0,-1.0304496,13817048.0,17064708.0,0.01015599,6.631648,0.0,0.0,301.81277,296.17188,274.53055,295.67902,69.1448,1.3209772,295.68097,307.19122,0.0,0.0,0.0,29.564377,-29.803917,0.0,5.399051,13368646.0,16861762.0,0.009999999,0.0,0.0,0.0,307.19122,307.19122,286.7118,307.19122,43.78857,3.2012699
WRF_PCE_07_LA_59,299.421,309.75272,501.09616,-254.2267,246.86949,-57.968395,123.03746,0.0,111.359924,14644801.0,19615272.0,0.010166166,170.88536,23733454.0,2982584.0,314.9078,323.15372,297.5308,303.14877,51.597767,2.6023579,296.9382,303.03995,1.52646,-0.60318553,0.9232746,-25.559645,169.10834,0.0,27.626217,14084146.0,20055690.0,0.009864864,0.3865432,24220980.0,5591024.5,307.21042,306.5763,294.75146,307.18784,36.86877,4.270714,293.2219,296.00787,0.0,-94.683685,-94.683685,72.81143,-4.6342235,0.0,-1.0222268,13827609.0,17058648.0,0.010182754,6.9892406,0.0,0.0,301.95508,296.25348,287.4333,295.71722,69.262405,1.2730985,289.1502,300.36475,0.0,-0.27398923,-0.27398923,30.883675,-29.70224,0.0,5.286518,13539773.0,16857900.0,0.009777776,-0.007551806,0.0,0.0,307.16684,306.06073,300.31454,307.15552,43.852417,3.1954443
WRF_PCE_07_LA_60,299.58295,310.73874,515.8734,-249.71158,266.16187,-74.080666,115.16819,0.0,111.864975,14305777.0,19162986.0,0.010240801,150.75218,24429874.0,3464036.2,316.04703,324.1668,307.60858,303.27206,51.32721,1.6288272,301.09375,307.1912,0.0,0.0,0.0,-26.677301,171.9377,0.0,28.196234,13926685.0,19576028.0,0.009999998,0.0,24767390.0,5843753.5,307.1912,307.1912,303.1492,307.1912,36.651134,4.172634,293.58063,298.29132,0.0,-106.76751,-106.76751,86.52577,2.565835,0.0,-0.8485224,13894888.0,17229112.0,0.010209763,17.687971,0.0,0.0,304.13608,298.55545,281.99734,296.91287,67.40825,0.86106914,295.70227,307.19122,0.0,0.0,0.0,30.367708,-29.506683,0.0,5.3113303,13468767.0,16848360.0,0.009999999,0.0,0.0,0.0,307.19122,307.19122,293.53827,307.19122,43.74869,3.1336575
WRF_PCE_07_LA_61,299.4674,310.0804,518.87177,-258.8887,259.98303,-62.914284,121.47655,0.0,112.42653,14468435.0,19361738.0,0.010202909,163.87775,24226992.0,3131400.2,315.49506,323.95404,306.3337,303.17545,51.608852,2.3149056,296.9721,303.03995,1.7041965,-0.7214931,0.9827032,-25.907068,173.66977,0.0,27.81862,14064156.0,19799984.0,0.009864864,0.5246989,24824794.0,5814769.0,307.22366,306.5927,303.06693,307.1933,36.832897,4.2719383,293.30634,296.56223,0.0,-96.14387,-96.14387,76.85731,-2.8803227,0.0,-0.9872839,13223293.0,16306003.0,0.010171645,9.417118,0.0,0.0,302.6014,296.8223,287.71368,296.02316,68.62843,1.103079,289.12308,300.36475,0.0,-0.27105078,-0.27105078,30.767494,-29.621183,0.0,5.2537613,13138967.0,16099676.0,0.009777776,0.020779997,0.0,0.0,307.17328,306.06488,300.32123,307.15448,43.676846,3.0239995
WRF_PCE_07_LA_62,299.57626,310.72302,531.20636,-265.45865,265.7477,-68.059845,121.37078,0.0,113.651436,14667454.0,19676770.0,0.010179143,165.24997,24645604.0,3210119.0,315.91748,324.48718,311.0022,303.33014,51.18319,2.0587304,285.26453,291.02322,3.035064,-1.6717405,1.3633238,-26.417212,171.82797,0.0,27.005474,14254048.0,20088800.0,0.009473683,1.0053198,24763952.0,5828492.0,307.24146,304.69916,307.20425,307.1578,36.520584,4.2539783,293.29767,296.7564,0.0,-101.76927,-101.76927,80.27647,-2.0693398,0.0,-0.9956824,14175498.0,17502654.0,0.010203026,10.447978,0.0,0.0,302.81058,297.00787,294.5992,296.1024,68.73194,1.0403035,295.68918,307.19122,0.0,0.0,0.0,31.611856,-29.621414,0.0,5.3345337,13861365.0,17235986.0,0.009999999,0.0,0.0,0.0,307.19122,307.19122,307.19122,307.19122,43.782017,3.2317288
WRF_PCE_07_LA_63,299.56964,310.92822,523.5402,-260.0056,263.53455,-71.52536,115.18281,0.0,111.779236,14487358.0,19391972.0,0.010231661,150.89032,24417286.0,3254851.2,316.21555,324.5126,311.64532,303.26517,51.35659,1.5829115,301.0937,307.1912,0.0,0.0,0.0,-26.265646,171.93338,0.0,28.175053,14112115.0,19810162.0,0.009999998,0.0,24766224.0,5843587.5,307.1912,307.1912,307.1912,307.1912,36.64676,4.1866384,293.48526,297.8018,0.0,-108.87407,-108.87407,88.00945,1.3381368,0.0,-0.89864427,14204382.0,17592566.0,0.010200276,15.845141,0.0,0.0,303.82535,298.07434,295.08508,296.684,67.68948,0.8517654,288.97046,300.2096,0.0,-0.2848245,-0.2848245,31.841703,-29.354082,0.0,5.17012,13866109.0,17235924.0,0.009772726,0.029408174,0.0,0.0,307.17822,306.04434,307.1518,307.15872,43.758648,3.1955733
WRF_PCE_07_LA_64,299.54373,310.81616,506.98978,-259.04938,247.94038,-63.910255,117.748375,0.0,111.44844,14665750.0,19662086.0,0.010199382,160.08607,24087192.0,3156670.8,316.01822,324.28116,306.9209,303.2801,51.355133,1.8214028,301.05362,307.1912,0.0,0.0,0.0,-25.105133,170.39723,0.0,28.092524,14181362.0,20072192.0,0.009999999,0.0,24371974.0,5659953.5,307.1912,307.1912,303.0953,307.1912,36.66506,4.2833056,293.38705,297.23483,0.0,-101.04571,-101.04571,79.7314,-0.6465145,0.0,-0.9567368,13867408.0,17155656.0,0.010214583,12.532962,0.0,0.0,303.2726,297.49448,281.51456,296.36072,68.31908,0.9252272,289.13782,300.36475,0.0,-0.2846668,-0.2846668,30.532675,-29.50066,0.0,5.1699286,13465018.0,16862798.0,0.009777776,0.020268466,0.0,0.0,307.1753,306.0648,293.49847,307.1554,43.73359,3.159008
WRF_PCE_07_LA_65,299.52255,310.69876,512.2858,-261.52713,250.75865,-64.70837,119.05924,0.0,111.85422,14668252.0,19657968.0,0.010217385,161.44229,24211256.0,3103643.0,315.9157,324.2914,306.69208,303.25143,51.518204,1.9185175,293.13263,299.1072,1.9806579,-0.9809569,0.99970084,-25.812435,171.83795,0.0,27.34761,14197485.0,20089714.0,0.009736841,0.6040843,24562624.0,5696846.5,307.2286,305.97116,303.1747,307.18124,36.694813,4.257273,293.31793,296.94336,0.0,-101.901215,-101.901215,81.456955,-1.4346485,0.0,-0.9845833,13872937.0,17124236.0,0.010203215,11.187478,0.0,0.0,302.9871,297.1868,294.66452,296.2004,68.57077,0.96173614,289.10504,300.36475,0.0,-0.32535055,-0.32535055,31.69761,-29.495623,0.0,5.196795,13647767.0,16858036.0,0.009777776,0.04957794,0.0,0.0,307.18497,306.07434,307.1613,307.16086,43.81011,3.1595907
WRF_PCE_07_LA_66,299.4444,310.65848,512.33777,-262.04285,250.29489,-67.44189,114.925575,0.0,110.690834,14666885.0,19629152.0,0.010223399,154.63338,24058628.0,3048318.2,315.84583,324.14572,306.66098,303.1274,51.683243,1.7091583,284.75372,290.58624,4.3313136,-2.3273141,2.0039995,-25.555363,171.34218,0.0,26.465609,14219212.0,20110210.0,0.009459458,1.6137104,24570196.0,5702302.5,307.31186,304.72952,303.13116,307.18857,36.772617,4.224881,293.37164,297.2421,0.0,-100.48801,-100.48801,78.77564,-0.33077526,0.0,-0.9605071,13859779.0,17141704.0,0.010213773,12.477697,0.0,0.0,303.34125,297.50168,275.20676,296.37766,68.31651,0.87775505,295.6944,307.19122,0.0,0.0,0.0,29.729227,-29.526329,0.0,5.2995152,13370560.0,16847634.0,0.009999999,0.0,0.0,0.0,307.19122,307.19122,286.7118,307.19122,43.7637,3.137504
WRF_PCE_07_LA_67,299.53787,310.74585,519.8316,-257.9946,261.83698,-71.92432,115.54198,0.0,111.64965,14682467.0,19657908.0,0.010229537,154.89046,24411980.0,3347843.8,316.01447,324.2667,311.43585,303.2271,51.434353,1.6796675,301.06415,307.1912,0.0,0.0,0.0,-26.511742,171.79295,0.0,28.110126,14248101.0,20084754.0,0.009999999,0.0,24755140.0,5841185.0,307.1912,307.1912,307.1912,307.1912,36.680984,4.230063,293.56207,297.95673,0.0,-107.67349,-107.67349,88.24893,1.6997604,0.0,-0.85423017,13911166.0,17209272.0,0.010255147,16.551376,0.0,0.0,303.99304,298.27036,295.22552,296.76123,67.9016,0.8879518,282.35364,293.228,0.0,-0.6002311,-0.6002311,31.8987,-29.153606,0.0,5.111466,13668359.0,16865868.0,0.009545454,0.037510455,0.0,0.0,307.15466,304.88895,307.09756,307.12027,43.855366,3.1189222
WRF_PCE_07_LA_68,299.5849,310.94275,517.6866,-257.46323,260.2234,-74.253296,118.09795,0.0,113.68356,14682347.0,19680734.0,0.010247294,158.25157,24669592.0,3303726.5,316.19565,324.65036,302.89536,303.28375,51.448353,1.6991489,297.0679,303.03995,1.4952427,-0.57911307,0.9161295,-28.00628,176.78653,0.0,28.07869,14127057.0,20134538.0,0.009864864,0.31134856,25170540.0,5851672.0,307.2103,306.5755,298.9041,307.187,36.609535,4.235738,293.46756,297.7428,0.0,-107.72527,-107.72527,86.94319,1.0222572,0.0,-0.907458,14206374.0,17584930.0,0.010213459,15.38163,0.0,0.0,303.72787,297.99838,294.97537,296.62695,67.903114,0.8892027,295.69894,307.19122,0.0,0.0,0.0,31.668015,-29.524862,0.0,5.307057,13862093.0,17235918.0,0.009999999,0.0,0.0,0.0,307.19122,307.19122,307.19122,307.19122,43.761665,3.2152476
WRF_PCE_07_LA_69,299.54596,310.7157,519.8758,-262.04495,257.83084,-66.480064,118.91175,0.0,112.33607,14671658.0,19663750.0,0.010210221,161.36288,24361864.0,3199411.8,315.97018,324.3837,307.20187,303.27603,51.388542,1.9234595,301.08615,307.1912,0.0,0.0,0.0,-25.828865,172.0409,0.0,28.229595,14194294.0,20092366.0,0.009999998,0.0,24689990.0,5791262.5,307.1912,307.1912,303.1492,307.1912,36.670826,4.2747717,293.26816,296.95245,0.0,-102.68481,-102.68481,81.346596,-1.3212972,0.0,-1.0216986,14181745.0,17505530.0,0.010216541,11.245564,0.0,0.0,302.93835,297.14957,294.48303,296.17084,68.77827,0.9628349,282.50296,293.53827,0.0,-0.73252743,-0.73252743,32.022255,-29.388613,0.0,4.9969254,13862986.0,17237974.0,0.009555554,0.16427395,0.0,0.0,307.19107,304.9723,307.14932,307.1395,43.83045,3.198827
WRF_PCE_07_LA_70,299.5147,310.01654,523.66693,-250.7514,272.91547,-68.13355,122.031456,0.0,113.72607,14091933.0,18845194.0,0.010202623,157.60863,24657950.0,3415967.5,315.60272,324.21634,310.57355,303.20712,51.453335,2.2309053,297.108,303.1492,0.26050806,-0.3319933,-0.071485244,-25.979187,172.1969,0.0,28.052355,13861779.0,19281710.0,0.00986842,0.19212054,24768724.0,5843075.0,307.20615,306.5603,307.1957,307.18533,36.683487,4.1301985,293.31256,296.96042,0.0,-99.77308,-99.77308,78.65879,-1.6476662,0.0,-0.9902439,13834978.0,17109298.0,0.010182725,11.6392565,0.0,0.0,302.9047,297.1928,287.1325,296.16534,68.610535,1.1634119,288.76453,300.04724,0.0,-0.25861117,-0.25861117,30.585026,-29.440216,0.0,5.2350416,13542253.0,16829248.0,0.009767441,0.011364039,0.0,0.0,307.16995,306.0123,299.9985,307.1541,43.82038,3.1421387
WRF_PCE_07_LA_71,299.52396,309.89365,516.48083,-249.40157,267.07928,-65.20545,121.68398,0.0,113.012375,14276391.0,19114320.0,0.010199377,160.43526,24430010.0,3445109.0,315.53036,324.02612,310.48965,303.2196,51.396484,2.3459613,301.0752,307.1912,0.0,0.0,0.0,-26.019558,172.1484,0.0,28.312237,13974541.0,19521754.0,0.009999998,0.0,24767530.0,5843816.0,307.1912,307.1912,307.1912,307.1912,36.702484,4.2174873,293.39517,297.0662,0.0,-100.42575,-100.42575,79.671974,-1.5968336,0.0,-0.9502371,13859331.0,17151234.0,0.010183906,11.928511,0.0,0.0,303.01108,297.33246,287.8574,296.2451,68.36343,1.2034262,295.6904,307.19122,0.0,0.0,0.0,30.826614,-29.724571,0.0,5.367389,13550502.0,16858366.0,0.009999999,0.0,0.0,0.0,307.19122,307.19122,300.36475,307.19122,43.774822,3.1950064
WRF_PCE_07_LA_72,299.51825,310.49414,512.2628,-250.41263,261.8501,-69.14136,116.17014,0.0,111.125,14481872.0,19369980.0,0.010228252,153.23674,24246558.0,3429944.0,315.81842,323.9642,311.15176,303.2033,51.4909,1.7977511,301.04703,307.1912,0.0,0.0,0.0,-26.064415,170.15279,0.0,28.04405,14111481.0,19789994.0,0.009999999,0.0,24586318.0,5801597.0,307.1912,307.1912,307.1912,307.1912,36.6994,4.183571,293.50134,297.85635,0.0,-107.6075,-107.6075,87.029434,1.1080136,0.0,-0.8931467,14205387.0,17594758.0,0.010210056,15.924539,0.0,0.0,303.76184,298.11716,294.8809,296.66602,67.8289,0.96563023,295.69888,307.19122,0.0,0.0,0.0,31.642551,-29.557508,0.0,5.3202276,13862006.0,17235920.0,0.009999999,0.0,0.0,0.0,307.19122,307.19122,307.19122,307.19122,43.755882,3.2201219
WRF_PCE_07_LA_73,299.52478,310.7429,508.06207,-252.10544,255.9567,-67.4305,116.71978,0.0,111.97658,13892410.0,18584446.0,0.010202691,148.67906,24229076.0,3122654.2,316.02127,324.3957,302.81268,303.2178,51.409946,1.6669819,297.04025,303.0953,1.5785991,-0.6097185,0.96888053,-26.150019,174.00755,0.0,27.829779,13614174.0,19029838.0,0.009866665,0.4105379,24740024.0,5708195.5,307.21793,306.59317,299.02258,307.1898,36.59679,4.0332513,293.46216,297.46823,0.0,-106.35323,-106.35323,85.24945,0.103539266,0.0,-0.90143114,14204634.0,17570298.0,0.010187555,13.935458,0.0,0.0,303.5215,297.7377,294.9719,296.5218,67.82838,0.9256377,288.83514,300.04724,0.0,-0.3358962,-0.3358962,31.913244,-29.471838,0.0,5.206774,13864673.0,17241422.0,0.009767441,0.046629827,0.0,0.0,307.18185,306.01996,307.15506,307.1578,43.69148,3.21813
WRF_PCE_07_LA_74,299.5961,310.58936,502.90134,-247.16104,255.7403,-66.479416,117.711235,0.0,111.72984,14689110.0,19676566.0,0.010244797,159.5204,24198294.0,3526382.5,315.94177,324.00415,303.34906,303.33923,51.317398,1.8943536,293.06622,298.99942,2.0129468,-0.9147591,1.0981879,-25.773684,171.15843,0.0,27.36099,14146149.0,20082856.0,0.009733332,0.5916807,24581492.0,5755574.0,307.2189,305.94022,299.00925,307.17517,36.72618,4.2753124,293.53146,298.0393,0.0,-107.79523,-107.79523,87.45643,1.4113034,0.0,-0.87240666,14207556.0,17606550.0,0.010206423,16.635525,0.0,0.0,303.85617,298.29834,294.87485,296.73206,67.71124,0.9879614,295.70197,307.19122,0.0,0.0,0.0,31.628374,-29.56907,0.0,5.3293605,13863212.0,17236846.0,0.009999999,0.0,0.0,0.0,307.19122,307.19122,307.19122,307.19122,43.75391,3.2232304
WRF_PCE_07_LA_75,299.4353,310.02783,523.1578,-263.20187,259.9559,-65.86982,119.26157,0.0,111.33958,14659522.0,19621788.0,0.010198676,162.60808,24175468.0,3094091.0,315.41403,323.86172,310.32135,303.11438,51.669346,2.247768,293.0983,299.1072,2.4932096,-1.2174584,1.2757515,-26.398119,171.86151,0.0,27.280817,14250880.0,20086654.0,0.009736841,0.9340734,24767076.0,5831671.5,307.25122,306.0027,307.23676,307.19162,36.75147,4.273886,293.33313,296.61777,0.0,-99.09803,-99.09803,77.91695,-2.6327674,0.0,-0.99039245,13861932.0,17114642.0,0.010190471,9.990812,0.0,0.0,302.71524,296.89398,287.89597,296.06216,68.668205,1.1443114,289.13947,300.36475,0.0,-0.27279738,-0.27279738,31.055656,-29.623947,0.0,5.2615943,13563988.0,16867876.0,0.009777776,0.00577993,0.0,0.0,307.16748,306.06137,300.3134,307.15314,43.80964,3.1638029
WRF_PCE_07_LA_76,299.5364,310.4376,520.5005,-255.42928,265.0713,-73.16162,116.65905,0.0,112.332825,14681984.0,19655848.0,0.010251362,156.0248,24555200.0,3429927.8,315.90408,324.21478,311.24847,303.1993,51.53348,1.8644427,297.12033,303.1492,0.5470387,-0.42871356,0.11832507,-26.214518,172.01387,0.0,27.828655,14250893.0,20092064.0,0.00986842,0.28445426,24767896.0,5841661.0,307.21146,306.57257,307.2037,307.1869,36.6719,4.25446,293.57492,298.02658,0.0,-105.38379,-105.38379,84.471535,1.6906601,0.0,-0.86531335,13877415.0,17218970.0,0.010199228,16.92796,0.0,0.0,303.91507,298.3184,281.04965,296.80432,67.461174,0.9752058,288.98407,300.2096,0.0,-0.327261,-0.327261,30.391083,-29.590834,0.0,5.1780663,13467332.0,16855384.0,0.009772726,0.060634676,0.0,0.0,307.184,306.0488,293.1934,307.1594,43.62562,3.1556394
WRF_PCE_07_LA_77,299.5999,310.39517,534.7555,-265.8454,268.91006,-67.20827,124.19877,0.0,114.40471,14676630.0,19681812.0,0.01018847,169.82216,24741262.0,3183524.2,315.66998,324.36588,310.68945,303.3574,51.109737,2.3572192,293.23703,299.1072,0.91929567,-0.6877636,0.231532,-26.154806,172.08919,0.0,27.81495,14251357.0,20089082.0,0.009736841,0.41688517,24764786.0,5838750.5,307.20203,305.91663,307.17654,307.16562,36.56539,4.2835593,293.2513,296.36798,0.0,-99.51231,-99.51231,77.722824,-3.3725514,0.0,-1.0203068,14158925.0,17474074.0,0.010185653,8.702737,0.0,0.0,302.38654,296.61768,294.36002,295.905,68.95891,1.1737676,295.68365,307.19122,0.0,0.0,0.0,31.570099,-29.7031,0.0,5.360114,13860174.0,17235638.0,0.009999999,0.0,0.0,0.0,307.19122,307.19122,307.19122,307.19122,43.789906,3.2437954
WRF_PCE_07_LA_78,299.53568,310.69156,514.9495,-263.42175,251.52776,-65.75509,118.68151,0.0,112.30239,14670301.0,19659468.0,0.010211062,161.04013,24262558.0,3069257.2,315.9737,324.43204,306.8348,303.2566,51.421906,1.9371277,301.08505,307.1912,0.0,0.0,0.0,-25.702753,172.03014,0.0,28.232592,14195357.0,20091994.0,0.009999998,0.0,24557274.0,5703417.5,307.1912,307.1912,303.1492,307.1912,36.670414,4.2749715,293.2384,296.8162,0.0,-101.23325,-101.23325,79.208305,-1.674928,0.0,-1.029917,14162267.0,17493254.0,0.010193598,10.630625,0.0,0.0,302.82736,297.0038,287.63498,296.11014,68.764595,0.96506065,295.62,307.19122,0.0,0.0,0.0,30.75465,-29.59029,0.0,5.2813997,13755675.0,17209656.0,0.009999999,0.0,0.0,0.0,307.19122,307.19122,300.04724,307.19122,43.760418,3.2066877
WRF_PCE_07_LA_79,299.44348,309.83932,533.2345,-259.1206,274.11395,-65.186386,127.89313,0.0,114.33998,14452427.0,19355870.0,0.010138918,172.63126,24646632.0,3156226.5,314.8356,323.43793,310.05215,303.20328,51.435535,2.6769185,296.9555,303.03995,0.28856486,-0.34749842,-0.058933485,-26.441427,172.2979,0.0,27.991531,14110937.0,19790498.0,0.009864864,0.20313376,24769946.0,5843492.5,307.2037,306.54,307.19318,307.18344,36.79219,4.1994414,293.1813,295.7949,0.0,-94.211105,-94.211105,73.31817,-5.36448,0.0,-1.0506434,13826751.0,17016168.0,0.010157382,5.4715333,0.0,0.0,301.63425,296.01398,294.09793,295.61288,69.260345,1.2981548,295.67532,307.19122,0.0,0.0,0.0,31.253765,-29.882923,0.0,5.349678,13647503.0,16835374.0,0.009999999,0.0,0.0,0.0,307.19122,307.19122,307.19122,307.19122,43.788025,3.1766555
WRF_PCE_07_LA_80,299.48575,309.77313,521.45154,-253.9937,267.45782,-59.60789,127.15916,0.0,113.18242,14453569.0,19363566.0,0.010113441,173.67574,24243064.0,3184309.2,314.75378,323.10944,310.09454,303.24298,51.210148,2.8439543,301.03186,307.1912,0.0,0.0,0.0,-25.989883,170.54515,0.0,28.238476,14099292.0,19775882.0,0.009999999,0.0,24617278.0,5810309.5,307.1912,307.1912,307.1912,307.1912,36.713234,4.2761817,293.22388,295.7897,0.0,-94.17813,-94.17813,72.867134,-5.6791034,0.0,-1.0188732,13821339.0,17035074.0,0.01013358,5.6475244,0.0,0.0,301.6001,296.00458,294.2283,295.62723,69.00579,1.3650123,282.56387,293.53827,0.0,-0.5068718,-0.5068718,31.58763,-29.747091,0.0,5.1846576,13646117.0,16856278.0,0.009555554,0.013611213,0.0,0.0,307.14743,304.93155,307.10287,307.11514,43.62416,3.1945868
WRF_PCE_07_LA_81,299.5326,309.99466,533.0595,-263.07013,269.98944,-65.68104,127.56245,0.0,115.189026,14471480.0,19409942.0,0.0101561,175.5624,24683570.0,3082861.8,315.18146,323.88556,306.11383,303.28375,51.278988,2.6900086,297.1521,303.1492,7.644242e-05,-0.26958928,-0.26951286,-26.16356,172.3115,0.0,28.27778,14060620.0,19846264.0,0.00986842,0.07743864,24698118.0,5797605.5,307.19733,306.54385,303.1444,307.18173,36.707047,4.2657566,293.1953,295.88074,0.0,-95.78447,-95.78447,73.29554,-5.0267634,0.0,-1.0384083,14132562.0,17438284.0,0.010154474,6.440713,0.0,0.0,301.80222,296.11328,287.74774,295.66364,69.1606,1.3232931,295.68024,307.19122,0.0,0.0,0.0,31.00302,-29.813295,0.0,5.387601,13769671.0,17236768.0,0.009999999,0.0,0.0,0.0,307.19122,307.19122,300.36475,307.19122,43.79118,3.2605214
WRF_PCE_07_LA_82,299.53156,310.40573,522.6921,-258.7668,263.9253,-67.67857,119.20722,0.0,112.48094,14479052.0,19388434.0,0.010213497,158.8246,24419824.0,3276985.0,315.84705,324.30466,310.91022,303.23495,51.429703,2.0368683,301.0812,307.1912,0.0,0.0,0.0,-26.264677,172.07076,0.0,28.252872,14114025.0,19817248.0,0.009999998,0.0,24767376.0,5844190.5,307.1912,307.1912,307.1912,307.1912,36.685963,4.2166553,293.38202,297.13144,0.0,-102.89198,-102.89198,81.31801,-1.0004511,0.0,-0.9599666,14175020.0,17537544.0,0.010201853,12.464242,0.0,0.0,303.1621,297.3958,288.21173,296.30362,68.38052,1.0667766,295.69177,307.19122,0.0,0.0,0.0,31.114534,-29.62728,0.0,5.335592,13771550.0,17235566.0,0.009999999,0.0,0.0,0.0,307.19122,307.19122,300.36475,307.19122,43.77272,3.2309234
WRF_PCE_07_LA_83,299.7876,310.80994,520.8881,-251.06865,269.81955,-70.60982,122.070045,0.0,115.33781,14711778.0,19741342.0,0.010244869,165.01752,24994270.0,3721229.2,316.3098,324.73187,311.84354,303.57114,50.767883,2.0407052,293.2414,298.99942,0.9618353,-0.5078796,0.45395568,-26.584255,174.2442,0.0,28.041996,14258410.0,20126020.0,0.009733332,0.1491942,25002348.0,5894658.5,307.17676,305.87396,307.1508,307.15475,36.480663,4.2945976,293.6117,298.1877,0.0,-104.79316,-104.79316,84.67354,1.6795602,0.0,-0.830138,13870810.0,17214396.0,0.010202911,16.861984,0.0,0.0,303.99985,298.47635,281.6091,296.82703,67.486595,1.0292265,289.1612,300.36475,0.0,-0.28259012,-0.28259012,30.489895,-29.516102,0.0,5.266047,13452338.0,16840012.0,0.009777776,0.014748772,0.0,0.0,307.169,306.06454,293.4847,307.1542,43.778606,3.149255
WRF_PCE_07_LA_84,299.57346,309.9669,500.03036,-248.67021,251.36014,-58.771473,126.43206,0.0,114.70698,14462451.0,19394482.0,0.010156719,170.40132,24387868.0,3278300.8,315.39005,324.0499,301.87064,303.33878,51.088684,2.6138496,297.0919,303.0953,0.886919,-0.500877,0.38604194,-24.809263,174.49162,0.0,28.174665,14011121.0,19827974.0,0.009866665,0.42816874,24607964.0,5632031.5,307.21844,306.57764,299.01663,307.1889,36.65627,4.2914195,293.31985,296.45056,0.0,-96.43064,-96.43064,76.68212,-3.6897087,0.0,-0.980508,13529457.0,16694263.0,0.010165568,8.61626,0.0,0.0,302.3815,296.6948,294.31464,295.93134,68.730545,1.2672076,289.1318,300.36475,0.0,-0.26800048,-0.26800048,31.438091,-29.705683,0.0,5.294756,13423997.0,16467496.0,0.009777776,0.0055870176,0.0,0.0,307.16943,306.06247,307.14267,307.1535,43.809517,3.12714
WRF_PCE_07_LA_85,299.48022,309.8509,524.5042,-247.9864,276.51788,-60.881844,129.98218,0.0,114.87518,13696171.0,18336492.0,0.010123747,170.72507,24587352.0,3222344.0,314.76834,323.3046,306.19427,303.25134,51.292736,2.7806742,297.032,303.0953,0.25077513,-0.35234758,-0.101572484,-25.495285,172.13893,0.0,28.10381,13537284.0,18744996.0,0.009866665,0.18324116,24674274.0,5782927.5,307.20462,306.54944,303.09915,307.18573,36.771492,4.109391,293.1738,295.68787,0.0,-92.47969,-92.47969,70.84053,-5.8547974,0.0,-1.0384865,13815964.0,17029980.0,0.010137428,5.156207,0.0,0.0,301.46555,295.8857,287.65475,295.5481,69.24979,1.3658875,295.67758,307.19122,0.0,0.0,0.0,30.803925,-29.866121,0.0,5.414299,13548248.0,16846718.0,0.009999999,0.0,0.0,0.0,307.19122,307.19122,300.36475,307.19122,43.786934,3.2067437
WRF_PCE_07_LA_86,299.47458,310.35342,510.55923,-257.01108,253.54811,-66.295715,116.03456,0.0,110.58328,14443991.0,19347274.0,0.010197305,153.77348,23972700.0,3118186.5,315.76486,324.0474,306.51306,303.1471,51.52121,1.9257998,296.99948,303.0953,1.4454876,-0.5391631,0.90632445,-26.301397,170.15692,0.0,27.54291,14037257.0,19782258.0,0.009866665,0.34346223,24503206.0,5726995.0,307.21048,306.58307,303.11032,307.1869,36.681976,4.1831446,293.42703,297.23444,0.0,-103.978966,-103.978966,81.83119,-0.6585981,0.0,-0.9405838,14166085.0,17552340.0,0.010183082,13.066328,0.0,0.0,303.3621,297.53345,287.67148,296.3935,68.03479,1.0350039,288.82214,300.04724,0.0,-0.2709534,-0.2709534,31.227636,-29.634726,0.0,5.2336183,13750628.0,17241592.0,0.009767441,0.017997058,0.0,0.0,307.17316,306.01407,300.00235,307.15552,43.73673,3.2352355
WRF_PCE_07_LA_87,299.36575,309.7745,477.16144,-240.3514,236.81001,-61.815277,115.92543,0.0,109.214325,14653228.0,19594736.0,0.01025627,157.96738,23450080.0,3271714.5,315.25473,323.2038,296.86594,303.00296,52.06184,2.1319559,280.89355,286.71176,5.743893,-2.626084,3.1178086,-25.932547,168.76039,0.0,25.873234,14081012.0,20070316.0,0.009333332,1.7513422,24180456.0,5532301.0,307.3025,304.13202,294.98465,307.17755,36.998646,4.2096877,293.47275,297.5755,0.0,-102.79119,-102.79119,82.90975,-0.018884817,0.0,-0.910729,13861379.0,17162118.0,0.010196406,13.688123,0.0,0.0,303.46664,297.84485,288.1719,296.50412,68.01428,1.0856324,295.69476,307.19122,0.0,0.0,0.0,30.928009,-29.662148,0.0,5.350814,13550064.0,16834876.0,0.009999999,0.0,0.0,0.0,307.19122,307.19122,300.36475,307.19122,43.770386,3.163982
WRF_PCE_07_LA_88,299.4982,310.01633,511.9588,-256.37164,255.58722,-60.551083,123.093285,0.0,112.65534,14665221.0,19644430.0,0.010179696,169.39584,24181370.0,3214288.0,315.36133,323.79053,306.14923,303.23907,51.43207,2.4513564,296.9869,303.03995,0.57211393,-0.43181527,0.14029863,-24.773184,169.60866,0.0,27.850372,14205799.0,20075684.0,0.009864864,0.31036675,24355258.0,5689703.0,307.2131,306.5566,303.05115,307.18634,36.74428,4.2993603,293.32352,296.50684,0.0,-99.58952,-99.58952,77.9074,-3.3484955,0.0,-0.9737854,14160742.0,17492350.0,0.010162308,9.090954,0.0,0.0,302.50925,296.75482,294.44064,295.9901,68.58741,1.2276857,289.14258,300.36475,0.0,-0.24256818,-0.24256818,31.662725,-29.677792,0.0,5.2880077,13860479.0,17236514.0,0.009777776,0.009024146,0.0,0.0,307.1646,306.05997,307.13794,307.15036,43.66829,3.2412653
WRF_PCE_07_LA_89,299.5482,310.02817,519.35406,-258.0326,261.3215,-59.9844,127.094215,0.0,113.92439,14284709.0,19143830.0,0.0101508135,171.96875,24298260.0,3046080.5,315.25125,323.76505,305.96817,303.34622,51.155254,2.6666756,293.0533,298.99942,2.1645157,-0.9807453,1.1837704,-25.954552,173.41548,0.0,27.59375,13947407.0,19595376.0,0.009733332,0.7008966,24713122.0,5751793.5,307.2241,305.9501,303.11224,307.1805,36.750427,4.2277265,293.18985,295.87732,0.0,-96.42727,-96.42727,74.27713,-5.0384088,0.0,-1.0425338,14141518.0,17436756.0,0.010157972,6.391419,0.0,0.0,301.7791,296.10468,294.16092,295.65576,69.20164,1.316255,295.67953,307.19122,0.0,0.0,0.0,31.511787,-29.807013,0.0,5.3906655,13859910.0,17236718.0,0.009999999,0.0,0.0,0.0,307.19122,307.19122,307.19122,307.19122,43.79165,3.2601244
WRF_PCE_07_LA_90,299.41718,309.7208,511.30304,-254.44283,256.8602,-61.91617,120.16701,0.0,110.88503,14652318.0,19610514.0,0.010171347,165.57693,23928666.0,3232397.2,315.082,323.36508,309.99887,303.0998,51.61748,2.4366884,296.92868,303.03995,1.64323,-0.6581352,0.98509467,-26.38955,169.36438,0.0,27.585402,14234452.0,20053856.0,0.009864864,0.46678436,24533726.0,5781814.5,307.21786,306.58612,307.21246,307.19067,36.77442,4.270265,293.30246,296.51233,0.0,-99.35463,-99.35463,77.62298,-3.355404,0.0,-1.0036346,14162805.0,17486558.0,0.010171681,8.935578,0.0,0.0,302.45325,296.73755,294.28336,295.97803,68.66847,1.2215472,281.9339,292.90326,0.0,-0.5502157,-0.5502157,31.60835,-29.641083,0.0,5.0809817,13852748.0,17222670.0,0.009534883,0.020035123,0.0,0.0,307.14786,304.827,307.09836,307.11227,43.65536,3.2214537
WRF_PCE_07_LA_91,299.53143,309.7858,511.90686,-248.38338,263.52353,-63.899586,123.43859,0.0,113.2913,14667769.0,19652034.0,0.010187838,169.15265,24437328.0,3567895.5,315.38712,323.851,310.37848,303.2432,51.341145,2.5305393,301.07294,307.1912,0.0,0.0,0.0,-26.229845,172.15654,0.0,28.342506,14249735.0,20086704.0,0.009999998,0.0,24766464.0,5843611.0,307.1912,307.1912,307.1912,307.1912,36.71134,4.3110056,293.41455,297.05618,0.0,-100.32791,-100.32791,78.906364,-1.8891877,0.0,-0.9349903,14169814.0,17535000.0,0.010197517,11.866004,0.0,0.0,302.9818,297.33115,287.72617,296.2142,68.51059,1.2975013,295.7371,307.19122,0.0,0.0,0.0,31.049988,-29.60091,0.0,5.4121656,13778447.0,17251934.0,0.009999999,0.0,0.0,0.0,307.19122,307.19122,300.2096,307.19122,43.828922,3.2466264
WRF_PCE_07_LA_92,299.45557,310.18222,507.86105,-257.27838,250.58267,-63.864464,120.9322,0.0,111.88723,14633251.0,19632168.0,0.0101834405,165.0689,24110992.0,3079136.2,315.43488,323.86734,298.0114,303.16766,51.563374,2.2358003,296.99728,303.0953,1.5901833,-0.6853566,0.90482664,-25.989605,173.01224,0.0,27.709726,14065644.0,20083756.0,0.009866665,0.5167312,24633622.0,5693121.5,307.22528,306.60083,294.93225,307.19327,36.73718,4.269868,293.22223,296.47296,0.0,-96.76619,-96.76619,76.231316,-3.0318298,0.0,-1.044249,13526717.0,16692842.0,0.010180325,8.769252,0.0,0.0,302.45673,296.6754,287.58243,295.93307,68.95643,1.0712291,295.64334,307.19122,0.0,0.0,0.0,30.62017,-29.721851,0.0,5.3247185,13309104.0,16448672.0,0.009999999,0.0,0.0,0.0,307.19122,307.19122,300.2096,307.19122,43.737976,3.125093
WRF_PCE_07_LA_93,299.4825,309.9143,520.1914,-254.52934,265.66202,-62.820396,123.76658,0.0,112.72203,14468891.0,19360048.0,0.010161806,166.11723,24307078.0,3262272.8,315.18613,323.6515,310.1799,303.22028,51.393257,2.467559,301.03723,307.1912,0.0,0.0,0.0,-26.176823,170.8999,0.0,28.223476,14116599.0,19791266.0,0.009999999,0.0,24651644.0,5816867.0,307.1912,307.1912,307.1912,307.1912,36.73836,4.2087855,293.2514,296.2856,0.0,-97.15712,-97.15712,76.29713,-3.8954594,0.0,-1.0180238,13846366.0,17081598.0,0.01017494,8.013017,0.0,0.0,302.22284,296.51892,294.25772,295.8461,68.981804,1.2279977,295.68332,307.19122,0.0,0.0,0.0,31.432262,-29.76359,0.0,5.3815136,13642076.0,16852462.0,0.009999999,0.0,0.0,0.0,307.19122,307.19122,307.19122,307.19122,43.79402,3.1960459
WRF_PCE_07_LA_94,299.6467,310.2292,520.57477,-250.92125,269.65344,-67.241135,123.48281,0.0,114.510284,14493184.0,19422388.0,0.010203164,165.26556,24759104.0,3565773.8,315.79437,324.37787,310.8901,303.3751,51.072002,2.3124566,297.2071,303.1492,0.003277121,-0.15734112,-0.154064,-26.164442,172.16905,0.0,28.260624,14120018.0,19819064.0,0.00986842,-3.170626e-06,24766758.0,5843705.5,307.1751,306.52173,307.15756,307.16815,36.617214,4.229646,293.35,297.11322,0.0,-98.13144,-98.13144,77.4077,-1.4181617,0.0,-0.9567969,13827501.0,17098962.0,0.0101886,11.196439,0.0,0.0,302.97702,297.3332,280.6047,296.22134,68.483475,1.1413156,282.52258,293.53827,0.0,-0.69861275,-0.69861275,30.597143,-29.502205,0.0,5.131374,13460892.0,16840466.0,0.009555554,0.12979667,0.0,0.0,307.18433,304.96747,293.48334,307.13724,43.807755,3.1447423
WRF_PCE_07_LA_95,299.5652,310.55078,514.23004,-252.77792,261.45212,-63.92675,121.73398,0.0,113.23414,14095026.0,18843180.0,0.010186108,157.16228,24391776.0,3185189.0,315.83408,324.35794,306.51804,303.32568,51.23097,2.0770676,297.07623,303.0953,0.6201571,-0.282651,0.33750615,-25.5912,172.00626,0.0,27.943506,13785445.0,19225954.0,0.009866665,0.080075175,24582868.0,5711984.0,307.18304,306.53485,303.0755,307.17316,36.664146,4.1318135,293.37378,296.854,0.0,-101.99298,-101.99298,80.4953,-2.1021194,0.0,-0.9536748,14178350.0,17520008.0,0.010166059,10.752308,0.0,0.0,302.88843,297.1142,294.6624,296.1839,68.26709,1.0900812,282.26654,293.228,0.0,-0.58287835,-0.58287835,31.958332,-29.431252,0.0,5.1463127,13869098.0,17242306.0,0.009545454,0.062201437,0.0,0.0,307.16296,304.8937,307.1115,307.1201,43.59352,3.2230852
WRF_PCE_07_LA_96,299.5126,310.45822,525.06006,-259.20648,265.8536,-65.66361,121.61867,0.0,112.79301,14465781.0,19372286.0,0.010187037,162.28609,24427554.0,3219323.5,315.65536,324.09448,310.65485,303.2521,51.440613,2.1212173,301.0612,307.1912,0.0,0.0,0.0,-26.297148,172.2003,0.0,28.258564,14104494.0,19784864.0,0.009999999,0.0,24777398.0,5846733.0,307.1912,307.1912,307.1912,307.1912,36.674232,4.2339334,293.28497,296.64462,0.0,-99.64921,-99.64921,79.10856,-2.5221992,0.0,-1.0031306,13864957.0,17104778.0,0.010197141,9.623591,0.0,0.0,302.66693,296.89044,294.51306,296.0383,68.804634,1.0626388,295.68845,307.19122,0.0,0.0,0.0,31.478315,-29.662058,0.0,5.34662,13646608.0,16851334.0,0.009999999,0.0,0.0,0.0,307.19122,307.19122,307.19122,307.19122,43.77992,3.171866
WRF_PCE_07_LA_97,299.4737,310.051,507.83426,-257.58124,250.2531,-65.631195,117.786575,0.0,111.64184,14653204.0,19630100.0,0.010206039,160.00984,24098210.0,3147429.2,315.6178,324.06573,306.26266,303.13174,51.55137,2.1770256,297.08252,303.1492,1.3963292,-0.62880015,0.767529,-25.87529,171.99457,0.0,27.710073,14193241.0,20088340.0,0.00986842,0.5256581,24570468.0,5703072.5,307.2254,306.6042,303.17618,307.19208,36.694935,4.281398,293.4505,297.1653,0.0,-100.72371,-100.72371,81.234535,-1.0790598,0.0,-0.9291498,13544555.0,16732459.0,0.010189307,12.173425,0.0,0.0,303.2465,297.46216,287.86682,296.3675,68.08226,1.0843601,289.01013,300.2096,0.0,-0.2969313,-0.2969313,30.98673,-29.740822,0.0,5.244123,13347021.0,16474954.0,0.009772726,0.035507545,0.0,0.0,307.17795,306.04315,300.1696,307.15616,43.608887,3.0939515
WRF_PCE_07_LA_98,299.62903,310.55136,508.9821,-244.06708,264.91495,-72.36314,117.1156,0.0,112.53507,14698430.0,19688016.0,0.010267553,156.76439,24554396.0,3727674.2,315.87305,323.836,311.63614,303.36032,51.249886,1.8235202,285.2681,291.02322,3.238396,-1.5417069,1.6966888,-26.59619,171.63318,0.0,26.77421,14253900.0,20090650.0,0.009473683,0.97538626,24763066.0,5829399.0,307.23105,304.69073,307.19727,307.15384,36.674088,4.227563,293.6807,298.75177,0.0,-110.583984,-110.583984,91.96824,3.456665,0.0,-0.78855574,13911519.0,17266246.0,0.0102058,19.65234,0.0,0.0,304.37714,299.03918,294.98984,297.1046,67.08056,0.93742853,295.70587,307.19122,0.0,0.0,0.0,31.505495,-29.553665,0.0,5.3293405,13642606.0,16842478.0,0.009999999,0.0,0.0,0.0,307.19122,307.19122,307.19122,307.19122,43.738266,3.151434
WRF_PCE_07_LA_99,299.52954,310.24197,522.7095,-257.63306,265.0765,-63.4984,123.395485,0.0,113.13715,14474464.0,19381928.0,0.010177128,165.57585,24394566.0,3211613.8,315.50058,323.9912,306.65918,303.28513,51.324768,2.3301628,301.0761,307.1912,0.0,0.0,0.0,-25.990702,172.15735,0.0,28.315882,14070011.0,19808852.0,0.009999998,0.0,24736886.0,5821836.0,307.1912,307.1912,303.1492,307.1912,36.698586,4.240029,293.29636,296.44763,0.0,-98.27317,-98.27317,77.600586,-3.3365977,0.0,-0.99861795,13860468.0,17090762.0,0.01018203,8.907783,0.0,0.0,302.45276,296.69894,294.44162,295.9507,68.81017,1.1693975,295.70407,307.19122,0.0,0.0,0.0,31.52757,-29.648743,0.0,5.381802,13657034.0,16857970.0,0.009999999,0.0,0.0,0.0,307.19122,307.19122,307.19122,307.19122,43.811325,3.1678817
WRF_PCE_07_LA_100,299.53207,310.65472,521.8353,-260.00168,261.83368,-73.37345,114.18551,0.0,111.55701,14683371.0,19651796.0,0.010252264,152.4588,24408602.0,3294606.8,316.1096,324.34375,311.56317,303.1873,51.531,1.6654404,297.06152,303.0953,1.2719986,-0.4740556,0.79794323,-26.94349,172.8517,0.0,27.752855,14242079.0,20089712.0,0.009866665,0.22992545,24884244.0,5865701.0,307.20206,306.56934,307.19632,307.18314,36.70111,4.2293663,293.61298,298.19028,0.0,-111.54043,-111.54043,90.88781,2.4497406,0.0,-0.84449136,14220650.0,17638678.0,0.010204885,18.091866,0.0,0.0,304.1534,298.47873,295.11835,296.93155,67.24584,0.88460565,282.5852,293.53827,0.0,-0.60872674,-0.60872674,31.97659,-29.360806,0.0,5.0551662,13864021.0,17237762.0,0.009555554,0.08918315,0.0,0.0,307.16327,304.94733,307.1099,307.12332,43.621674,3.1905718
